,Spike,S1,S2,RdRp,,,,,,
OC43A,4.665525,3.453473,13.04498,17.391994,,,,,,
229E,4.191611,2.225598,5.081813,4.863246,,,,,,
NL63,34.809661,35.438979,34.294188,40.410728,,,,,,
,,,,,,,,,,
,,,,,,,,,,
,,,,,,,,,,
,,,,,,,,,,
,,,,,,,,,,