{"scheme": "s11", "gene": "s1", "rep": "4", "window": 3, "min_seqs": 3, "midfreq_high": 0.75, "midfreq_low": 0.15, "window_midpoint": [1990.5, 1991.5, 1992.5, 1993.5, 1994.5, 1995.5, 1996.5, 1998.5, 1999.5, 2000.5, 2001.5, 2002.5, 2003.5, 2004.5, 2005.5, 2006.5, 2008.5, 2009.5, 2010.5, 2011.5, 2012.5, 2013.5, 2014.5, 2015.5, 2016.5], "adaptive_substitutions": [0.0, 0.0, 0.0, 0.0, 0.8947368421052632, 0.8947368421052632, 0.8947368421052632, 0.8947368421052632, 0.8947368421052632, 0.8947368421052632, 0.8947368421052632, 0.8947368421052632, 0.8947368421052632, 0.7944862155388471, 0.7944862155388471, 0.7944862155388471, 3.7719298245614037, 3.7719298245614037, 3.7719298245614037, 2.775689223057644, 2.775689223057644, 2.775689223057644, 4.660401002506266, 4.660401002506266, 4.660401002506266], "adaptive_substitutions_per_codon": [0.0, 0.0, 0.0, 0.0, 0.0003960765126627991, 0.0003960765126627991, 0.0003960765126627991, 0.0003960765126627991, 0.0003960765126627991, 0.0003960765126627991, 0.0003960765126627991, 0.0003960765126627991, 0.0003960765126627991, 0.000351698191916267, 0.000351698191916267, 0.000351698191916267, 0.0016697343180882708, 0.0016697343180882708, 0.0016697343180882708, 0.0012287247556696079, 0.0012287247556696079, 0.0012287247556696079, 0.0020630371857044117, 0.0020630371857044117, 0.0020630371857044117], "rate_of_adaptation": 7.731107060877987e-05}