{"scheme": "s12", "gene": "s1", "rep": "5", "window": 3, "min_seqs": 3, "midfreq_high": 0.75, "midfreq_low": 0.15, "window_midpoint": [1990.5, 1991.5, 1992.5, 1993.5, 1994.5, 1995.5, 1996.5, 1998.5, 1999.5, 2000.5, 2001.5, 2002.5, 2003.5, 2004.5, 2005.5, 2006.5, 2008.5, 2009.5, 2010.5, 2011.5, 2012.5, 2013.5, 2014.5, 2015.5, 2016.5], "adaptive_substitutions": [0.0, 0.0, 0.0, 0.0, 2.5, 2.5, 2.5, 3.4, 3.4, 3.4, 4.2, 4.2, 4.2, 4.3, 4.3, 4.3, 4.8, 4.8, 4.8, 4.4, 4.4, 4.4, 12.3, 12.3, 12.3], "adaptive_substitutions_per_codon": [0.0, 0.0, 0.0, 0.0, 0.0011066843736166445, 0.0011066843736166445, 0.0011066843736166445, 0.0015050907481186364, 0.0015050907481186364, 0.0015050907481186364, 0.0018592297476759628, 0.0018592297476759628, 0.0018592297476759628, 0.0019034971226206286, 0.0019034971226206286, 0.0019034971226206286, 0.0021248339973439574, 0.0021248339973439574, 0.0021248339973439574, 0.0019477644975652946, 0.0019477644975652946, 0.0019477644975652946, 0.005444887118193891, 0.005444887118193891, 0.005444887118193891], "rate_of_adaptation": 0.00015402581103054195}