{"scheme": "s12", "gene": "s1", "rep": "4", "window": 3, "min_seqs": 3, "midfreq_high": 0.75, "midfreq_low": 0.15, "window_midpoint": [1990.5, 1991.5, 1992.5, 1993.5, 1994.5, 1995.5, 1996.5, 1998.5, 1999.5, 2000.5, 2001.5, 2002.5, 2003.5, 2004.5, 2005.5, 2006.5, 2008.5, 2009.5, 2010.5, 2011.5, 2012.5, 2013.5, 2014.5, 2015.5, 2016.5], "adaptive_substitutions": [0.0, 0.0, 0.0, 0.0, 3.0, 3.0, 3.0, 4.6, 4.6, 4.6, 4.5, 4.5, 4.5, 5.6, 5.6, 5.6, 7.6, 7.6, 7.6, 6.9, 6.9, 6.9, 10.6, 10.6, 10.6], "adaptive_substitutions_per_codon": [0.0, 0.0, 0.0, 0.0, 0.0013280212483399733, 0.0013280212483399733, 0.0013280212483399733, 0.002036299247454626, 0.002036299247454626, 0.002036299247454626, 0.00199203187250996, 0.00199203187250996, 0.00199203187250996, 0.0024789729969012836, 0.0024789729969012836, 0.0024789729969012836, 0.003364320495794599, 0.003364320495794599, 0.003364320495794599, 0.003054448871181939, 0.003054448871181939, 0.003054448871181939, 0.004692341744134573, 0.004692341744134573, 0.004692341744134573], "rate_of_adaptation": 0.00016394761635159073}