{"scheme": "s14", "gene": "spike", "rep": "3", "window": 3, "min_seqs": 3, "midfreq_high": 0.75, "midfreq_low": 0.15, "window_midpoint": [1990.5, 1991.5, 1992.5, 1993.5, 1994.5, 1995.5, 1996.5, 1998.5, 1999.5, 2000.5, 2001.5, 2002.5, 2003.5, 2004.5, 2005.5, 2006.5, 2008.5, 2009.5, 2010.5, 2011.5, 2012.5, 2013.5, 2014.5, 2015.5, 2016.5], "adaptive_substitutions": [0.0, 0.0, 0.0, 0.0, 0.0, 0.0, 0.0, 0.0, 0.0, 0.0, 0.0, 0.0, 0.0, 0.8, 0.8, 0.8, 1.8, 1.8, 1.8, 0.0, 0.0, 0.0, 7.4, 7.4, 7.4], "adaptive_substitutions_per_codon": [0.0, 0.0, 0.0, 0.0, 0.0, 0.0, 0.0, 0.0, 0.0, 0.0, 0.0, 0.0, 0.0, 0.00019593436198873379, 0.00019593436198873379, 0.00019593436198873379, 0.000440852314474651, 0.000440852314474651, 0.000440852314474651, 0.0, 0.0, 0.0, 0.0018123928483957876, 0.0018123928483957876, 0.0018123928483957876], "rate_of_adaptation": 4.651748429145328e-05}