{"scheme": "s16", "gene": "s1", "rep": "10", "window": 3, "min_seqs": 3, "midfreq_high": 0.75, "midfreq_low": 0.15, "window_midpoint": [1990.5, 1991.5, 1992.5, 1993.5, 1994.5, 1995.5, 1996.5, 1998.5, 1999.5, 2000.5, 2001.5, 2002.5, 2003.5, 2004.5, 2005.5, 2006.5, 2008.5, 2009.5, 2010.5, 2011.5, 2012.5, 2013.5, 2014.5, 2015.5, 2016.5], "adaptive_substitutions": [0.0, 0.0, 0.0, 0.0, 1.6, 1.6, 1.6, 1.7000000000000002, 1.7000000000000002, 1.7000000000000002, 2.8, 2.8, 2.8, 3.0, 3.0, 3.0, 7.3, 7.3, 7.3, 7.800000000000001, 7.800000000000001, 7.800000000000001, 11.0, 11.0, 11.0], "adaptive_substitutions_per_codon": [0.0, 0.0, 0.0, 0.0, 0.0007082779991146526, 0.0007082779991146526, 0.0007082779991146526, 0.0007525453740593183, 0.0007525453740593183, 0.0007525453740593183, 0.0012394864984506418, 0.0012394864984506418, 0.0012394864984506418, 0.0013280212483399733, 0.0013280212483399733, 0.0013280212483399733, 0.003231518370960602, 0.003231518370960602, 0.003231518370960602, 0.0034528552456839314, 0.0034528552456839314, 0.0034528552456839314, 0.004869411243913236, 0.004869411243913236, 0.004869411243913236], "rate_of_adaptation": 0.0001899144748420601}