{"scheme": "s16", "gene": "s1", "rep": "8", "window": 3, "min_seqs": 3, "midfreq_high": 0.75, "midfreq_low": 0.15, "window_midpoint": [1990.5, 1991.5, 1992.5, 1993.5, 1994.5, 1995.5, 1996.5, 1998.5, 1999.5, 2000.5, 2001.5, 2002.5, 2003.5, 2004.5, 2005.5, 2006.5, 2008.5, 2009.5, 2010.5, 2011.5, 2012.5, 2013.5, 2014.5, 2015.5, 2016.5], "adaptive_substitutions": [0.0, 0.0, 0.0, 0.0, 0.7997892518440464, 0.7997892518440464, 0.7997892518440464, 0.7997892518440464, 0.7997892518440464, 0.7997892518440464, 6.684931506849315, 6.684931506849315, 6.684931506849315, 0.7997892518440464, 0.7997892518440464, 0.7997892518440464, 6.592729188619599, 6.592729188619599, 6.592729188619599, 4.1981032665964175, 4.1981032665964175, 4.1981032665964175, 3.9989462592202316, 3.9989462592202316, 3.9989462592202316], "adaptive_substitutions_per_codon": [0.0, 0.0, 0.0, 0.0, 0.0003540457068809413, 0.0003540457068809413, 0.0003540457068809413, 0.0003540457068809413, 0.0003540457068809413, 0.0003540457068809413, 0.0029592436949310826, 0.0029592436949310826, 0.0029592436949310826, 0.0003540457068809413, 0.0003540457068809413, 0.0003540457068809413, 0.00291842814901266, 0.00291842814901266, 0.00291842814901266, 0.0018583901135884983, 0.0018583901135884983, 0.0018583901135884983, 0.0017702285344047062, 0.0017702285344047062, 0.0017702285344047062], "rate_of_adaptation": 9.105643827211203e-05}