{"scheme": "s16", "gene": "s1", "rep": "9", "window": 3, "min_seqs": 3, "midfreq_high": 0.75, "midfreq_low": 0.15, "window_midpoint": [1990.5, 1991.5, 1992.5, 1993.5, 1994.5, 1995.5, 1996.5, 1998.5, 1999.5, 2000.5, 2001.5, 2002.5, 2003.5, 2004.5, 2005.5, 2006.5, 2008.5, 2009.5, 2010.5, 2011.5, 2012.5, 2013.5, 2014.5, 2015.5, 2016.5], "adaptive_substitutions": [0.0, 0.0, 0.0, 0.0, 2.5, 2.5, 2.5, 2.6, 2.6, 2.6, 3.8, 3.8, 3.8, 4.0, 4.0, 4.0, 8.0, 8.0, 8.0, 10.0, 10.0, 10.0, 8.3, 8.3, 8.3], "adaptive_substitutions_per_codon": [0.0, 0.0, 0.0, 0.0, 0.0011066843736166445, 0.0011066843736166445, 0.0011066843736166445, 0.0011509517485613103, 0.0011509517485613103, 0.0011509517485613103, 0.0016821602478972995, 0.0016821602478972995, 0.0016821602478972995, 0.0017706949977866313, 0.0017706949977866313, 0.0017706949977866313, 0.0035413899955732625, 0.0035413899955732625, 0.0035413899955732625, 0.004426737494466578, 0.004426737494466578, 0.004426737494466578, 0.0036741921204072603, 0.0036741921204072603, 0.0036741921204072603], "rate_of_adaptation": 0.00017440537334426946}