{"scheme": "s3", "gene": "s1", "rep": "2", "window": 3, "min_seqs": 3, "midfreq_high": 0.75, "midfreq_low": 0.15, "window_midpoint": [1990.5, 1991.5, 1992.5, 1993.5, 1994.5, 1995.5, 1996.5, 1998.5, 1999.5, 2000.5, 2001.5, 2002.5, 2003.5, 2004.5, 2005.5, 2006.5, 2008.5, 2009.5, 2010.5, 2011.5, 2012.5, 2013.5, 2014.5, 2015.5, 2016.5], "adaptive_substitutions": [0.0, 0.8, 0.8, 0.8, 0.9, 0.9, 0.9, 0.5, 0.5, 0.5, 0.5, 0.5, 0.5, 1.4, 1.4, 1.4, 2.4000000000000004, 2.4000000000000004, 2.4000000000000004, 3.0, 3.0, 3.0, 4.7, 4.7, 4.7], "adaptive_substitutions_per_codon": [0.0, 0.0003541389995573263, 0.0003541389995573263, 0.0003541389995573263, 0.00039840637450199205, 0.00039840637450199205, 0.00039840637450199205, 0.0002213368747233289, 0.0002213368747233289, 0.0002213368747233289, 0.0002213368747233289, 0.0002213368747233289, 0.0002213368747233289, 0.0006197432492253209, 0.0006197432492253209, 0.0006197432492253209, 0.001062416998671979, 0.001062416998671979, 0.001062416998671979, 0.0013280212483399733, 0.0013280212483399733, 0.0013280212483399733, 0.0020805666223992917, 0.0020805666223992917, 0.0020805666223992917], "rate_of_adaptation": 6.780123615913182e-05}