{"scheme": "s3", "gene": "spike", "rep": "3", "window": 3, "min_seqs": 3, "midfreq_high": 0.75, "midfreq_low": 0.15, "window_midpoint": [1990.5, 1991.5, 1992.5, 1993.5, 1994.5, 1995.5, 1996.5, 1998.5, 1999.5, 2000.5, 2001.5, 2002.5, 2003.5, 2004.5, 2005.5, 2006.5, 2008.5, 2009.5, 2010.5, 2011.5, 2012.5, 2013.5, 2014.5, 2015.5, 2016.5], "adaptive_substitutions": [0.0, 0.0, 0.0, 0.0, 0.0, 0.0, 0.0, 0.0, 0.0, 0.0, 1.6, 1.6, 1.6, 1.8, 1.8, 1.8, 3.7, 3.7, 3.7, 5.1, 5.1, 5.1, 8.8, 8.8, 8.8], "adaptive_substitutions_per_codon": [0.0, 0.0, 0.0, 0.0, 0.0, 0.0, 0.0, 0.0, 0.0, 0.0, 0.00039186872397746757, 0.00039186872397746757, 0.00039186872397746757, 0.000440852314474651, 0.000440852314474651, 0.000440852314474651, 0.0009061964241978938, 0.0009061964241978938, 0.0009061964241978938, 0.0012490815576781777, 0.0012490815576781777, 0.0012490815576781777, 0.0021552779818760715, 0.0021552779818760715, 0.0021552779818760715], "rate_of_adaptation": 8.062721729480777e-05}