{"scheme": "s3", "gene": "s1", "rep": "7", "window": 3, "min_seqs": 3, "midfreq_high": 0.75, "midfreq_low": 0.15, "window_midpoint": [1990.5, 1991.5, 1992.5, 1993.5, 1994.5, 1995.5, 1996.5, 1998.5, 1999.5, 2000.5, 2001.5, 2002.5, 2003.5, 2004.5, 2005.5, 2006.5, 2008.5, 2009.5, 2010.5, 2011.5, 2012.5, 2013.5, 2014.5, 2015.5, 2016.5], "adaptive_substitutions": [0.0, 0.0, 0.0, 0.0, 0.8, 0.8, 0.8, 2.0, 2.0, 2.0, 2.0, 2.0, 2.0, 1.9, 1.9, 1.9, 2.0, 2.0, 2.0, 2.9, 2.9, 2.9, 5.4, 5.4, 5.4], "adaptive_substitutions_per_codon": [0.0, 0.0, 0.0, 0.0, 0.0003541389995573263, 0.0003541389995573263, 0.0003541389995573263, 0.0008853474988933156, 0.0008853474988933156, 0.0008853474988933156, 0.0008853474988933156, 0.0008853474988933156, 0.0008853474988933156, 0.0008410801239486498, 0.0008410801239486498, 0.0008410801239486498, 0.0008853474988933156, 0.0008853474988933156, 0.0008853474988933156, 0.0012837538733953076, 0.0012837538733953076, 0.0012837538733953076, 0.0023904382470119525, 0.0023904382470119525, 0.0023904382470119525], "rate_of_adaptation": 7.448053386681964e-05}