{"scheme": "s4", "gene": "s1", "rep": "3", "window": 3, "min_seqs": 3, "midfreq_high": 0.75, "midfreq_low": 0.15, "window_midpoint": [1990.5, 1991.5, 1992.5, 1993.5, 1994.5, 1995.5, 1996.5, 1998.5, 1999.5, 2000.5, 2001.5, 2002.5, 2003.5, 2004.5, 2005.5, 2006.5, 2008.5, 2009.5, 2010.5, 2011.5, 2012.5, 2013.5, 2014.5, 2015.5, 2016.5], "adaptive_substitutions": [0.0, 0.0, 0.0, 0.0, 1.0, 1.0, 1.0, 2.0, 2.0, 2.0, 4.0, 4.0, 4.0, 6.0, 6.0, 6.0, 9.1, 9.1, 9.1, 10.8, 10.8, 10.8, 11.9, 11.9, 11.9], "adaptive_substitutions_per_codon": [0.0, 0.0, 0.0, 0.0, 0.0004426737494466578, 0.0004426737494466578, 0.0004426737494466578, 0.0008853474988933156, 0.0008853474988933156, 0.0008853474988933156, 0.0017706949977866313, 0.0017706949977866313, 0.0017706949977866313, 0.0026560424966799467, 0.0026560424966799467, 0.0026560424966799467, 0.004028331119964586, 0.004028331119964586, 0.004028331119964586, 0.004780876494023905, 0.004780876494023905, 0.004780876494023905, 0.005267817618415228, 0.005267817618415228, 0.005267817618415228], "rate_of_adaptation": 0.0002370045285906434}