{"scheme": "s4", "gene": "s1", "rep": "6", "window": 3, "min_seqs": 3, "midfreq_high": 0.75, "midfreq_low": 0.15, "window_midpoint": [1990.5, 1991.5, 1992.5, 1993.5, 1994.5, 1995.5, 1996.5, 1998.5, 1999.5, 2000.5, 2001.5, 2002.5, 2003.5, 2004.5, 2005.5, 2006.5, 2008.5, 2009.5, 2010.5, 2011.5, 2012.5, 2013.5, 2014.5, 2015.5, 2016.5], "adaptive_substitutions": [0.0, 0.0, 0.0, 0.0, 0.0, 0.0, 0.0, 0.5, 0.5, 0.5, 0.9, 0.9, 0.9, 1.7000000000000002, 1.7000000000000002, 1.7000000000000002, 6.9, 6.9, 6.9, 7.8, 7.8, 7.8, 10.9, 10.9, 10.9], "adaptive_substitutions_per_codon": [0.0, 0.0, 0.0, 0.0, 0.0, 0.0, 0.0, 0.0002213368747233289, 0.0002213368747233289, 0.0002213368747233289, 0.00039840637450199205, 0.00039840637450199205, 0.00039840637450199205, 0.0007525453740593183, 0.0007525453740593183, 0.0007525453740593183, 0.003054448871181939, 0.003054448871181939, 0.003054448871181939, 0.003452855245683931, 0.003452855245683931, 0.003452855245683931, 0.00482514386896857, 0.00482514386896857, 0.00482514386896857], "rate_of_adaptation": 0.00020148768125131854}