{"scheme": "s4", "gene": "spike", "window": 3, "min_seqs": 3, "midfreq_high": 0.75, "midfreq_low": 0.15, "window_midpoint": [1990.5, 1991.5, 1992.5, 1993.5, 1994.5, 1995.5, 1996.5, 1998.5, 1999.5, 2000.5, 2001.5, 2002.5, 2003.5, 2004.5, 2005.5, 2006.5, 2008.5, 2009.5, 2010.5, 2011.5, 2012.5, 2013.5, 2014.5, 2015.5, 2016.5], "adaptive_substitutions": [0.0, 1.7000000000000002, 1.7000000000000002, 1.7000000000000002, 2.0, 2.0, 2.0, 2.8, 2.8, 2.8, 6.5, 6.5, 6.5, 7.9, 7.9, 7.9, 8.9, 8.9, 8.9, 9.15, 9.15, 9.15, 10.5, 10.5, 10.5], "adaptive_substitutions_per_codon": [0.0, 0.0004163605192260593, 0.0004163605192260593, 0.0004163605192260593, 0.0004898359049718344, 0.0004898359049718344, 0.0004898359049718344, 0.0006857702669605682, 0.0006857702669605682, 0.0006857702669605682, 0.0015919666911584618, 0.0015919666911584618, 0.0015919666911584618, 0.0019348518246387462, 0.0019348518246387462, 0.0019348518246387462, 0.0021797697771246635, 0.0021797697771246635, 0.0021797697771246635, 0.002240999265246143, 0.002240999265246143, 0.002240999265246143, 0.002571638501102131, 0.002571638501102131, 0.002571638501102131], "rate_of_adaptation": 0.00010248394840999719}