{"scheme": "s6", "gene": "s1", "rep": "4", "window": 3, "min_seqs": 3, "midfreq_high": 0.75, "midfreq_low": 0.15, "window_midpoint": [1990.5, 1991.5, 1992.5, 1993.5, 1994.5, 1995.5, 1996.5, 1998.5, 1999.5, 2000.5, 2001.5, 2002.5, 2003.5, 2004.5, 2005.5, 2006.5, 2008.5, 2009.5, 2010.5, 2011.5, 2012.5, 2013.5, 2014.5, 2015.5, 2016.5], "adaptive_substitutions": [0.0, 0.0, 0.0, 0.0, 0.0, 0.0, 0.0, 0.0, 0.0, 0.0, 0.0, 0.0, 0.0, 0.0, 0.0, 0.0, 0.899909008189263, 0.899909008189263, 0.899909008189263, 0.0, 0.0, 0.0, 1.299818016378526, 1.299818016378526, 1.299818016378526], "adaptive_substitutions_per_codon": [0.0, 0.0, 0.0, 0.0, 0.0, 0.0, 0.0, 0.0, 0.0, 0.0, 0.0, 0.0, 0.0, 0.0, 0.0, 0.0, 0.00039836609481596415, 0.00039836609481596415, 0.00039836609481596415, 0.0, 0.0, 0.0, 0.0005753953149085993, 0.0005753953149085993, 0.0005753953149085993], "rate_of_adaptation": 1.7436259840250618e-05}