{"scheme": "s8", "gene": "spike", "rep": "1", "window": 3, "min_seqs": 3, "midfreq_high": 0.75, "midfreq_low": 0.15, "window_midpoint": [1990.5, 1991.5, 1992.5, 1993.5, 1994.5, 1995.5, 1996.5, 1998.5, 1999.5, 2000.5, 2001.5, 2002.5, 2003.5, 2004.5, 2005.5, 2006.5, 2008.5, 2009.5, 2010.5, 2011.5, 2012.5, 2013.5, 2014.5, 2015.5, 2016.5], "adaptive_substitutions": [0.0, 0.0, 0.0, 0.0, 1.3, 1.3, 1.3, 4.3, 4.3, 4.3, 5.7, 5.7, 5.7, 6.5, 6.5, 6.5, 6.9, 6.9, 6.9, 6.6, 6.6, 6.6, 9.5, 9.5, 9.5], "adaptive_substitutions_per_codon": [0.0, 0.0, 0.0, 0.0, 0.00031839333823169237, 0.00031839333823169237, 0.00031839333823169237, 0.001053147195689444, 0.001053147195689444, 0.001053147195689444, 0.0013960323291697281, 0.0013960323291697281, 0.0013960323291697281, 0.0015919666911584618, 0.0015919666911584618, 0.0015919666911584618, 0.001689933872152829, 0.001689933872152829, 0.001689933872152829, 0.0016164584864070536, 0.0016164584864070536, 0.0016164584864070536, 0.0023267205486162137, 0.0023267205486162137, 0.0023267205486162137], "rate_of_adaptation": 8.860376121474463e-05}