{"scheme": "s8", "gene": "s1", "rep": "7", "window": 3, "min_seqs": 3, "midfreq_high": 0.75, "midfreq_low": 0.15, "window_midpoint": [1990.5, 1991.5, 1992.5, 1993.5, 1994.5, 1995.5, 1996.5, 1998.5, 1999.5, 2000.5, 2001.5, 2002.5, 2003.5, 2004.5, 2005.5, 2006.5, 2008.5, 2009.5, 2010.5, 2011.5, 2012.5, 2013.5, 2014.5, 2015.5, 2016.5], "adaptive_substitutions": [0.0, 0.0, 0.0, 0.0, 2.0, 2.0, 2.0, 3.7, 3.7, 3.7, 2.9, 2.9, 2.9, 3.8, 3.8, 3.8, 7.8, 7.8, 7.8, 8.8, 8.8, 8.8, 10.7, 10.7, 10.7], "adaptive_substitutions_per_codon": [0.0, 0.0, 0.0, 0.0, 0.0008853474988933156, 0.0008853474988933156, 0.0008853474988933156, 0.001637892872952634, 0.001637892872952634, 0.001637892872952634, 0.0012837538733953076, 0.0012837538733953076, 0.0012837538733953076, 0.0016821602478972995, 0.0016821602478972995, 0.0016821602478972995, 0.003452855245683931, 0.003452855245683931, 0.003452855245683931, 0.003895528995130589, 0.003895528995130589, 0.003895528995130589, 0.004736609119079238, 0.004736609119079238, 0.004736609119079238], "rate_of_adaptation": 0.00018852435019376998}