{"scheme": "s8", "gene": "s1", "window": 3, "min_seqs": 3, "midfreq_high": 0.75, "midfreq_low": 0.15, "window_midpoint": [1990.5, 1991.5, 1992.5, 1993.5, 1994.5, 1995.5, 1996.5, 1998.5, 1999.5, 2000.5, 2001.5, 2002.5, 2003.5, 2004.5, 2005.5, 2006.5, 2008.5, 2009.5, 2010.5, 2011.5, 2012.5, 2013.5, 2014.5, 2015.5, 2016.5], "adaptive_substitutions": [0.0, 0.0, 0.0, 0.0, 0.0, 0.0, 0.0, 1.6, 1.6, 1.6, 2.9000000000000004, 2.9000000000000004, 2.9000000000000004, 2.3, 2.3, 2.3, 5.7, 5.7, 5.7, 2.4, 2.4, 2.4, 12.7, 12.7, 12.7], "adaptive_substitutions_per_codon": [0.0, 0.0, 0.0, 0.0, 0.0, 0.0, 0.0, 0.0007082779991146526, 0.0007082779991146526, 0.0007082779991146526, 0.0012837538733953078, 0.0012837538733953078, 0.0012837538733953078, 0.001018149623727313, 0.001018149623727313, 0.001018149623727313, 0.00252324037184595, 0.00252324037184595, 0.00252324037184595, 0.0010624169986719787, 0.0010624169986719787, 0.0010624169986719787, 0.005621956617972554, 0.005621956617972554, 0.005621956617972554], "rate_of_adaptation": 0.00016856684982145107}