{"scheme": "s11", "gene": "s1", "rep": "1", "window": 3, "min_seqs": 3, "midfreq_high": 0.75, "midfreq_low": 0.15, "window_midpoint": [1990.5, 1991.5, 1992.5, 1993.5, 1994.5, 1995.5, 1996.5, 1998.5, 1999.5, 2000.5, 2001.5, 2002.5, 2003.5, 2004.5, 2005.5, 2006.5, 2008.5, 2009.5, 2010.5, 2011.5, 2012.5, 2013.5, 2014.5, 2015.5, 2016.5], "adaptive_substitutions": [0.0, 0.0, 0.0, 0.0, 1.8, 1.8, 1.8, 1.7000000000000002, 1.7000000000000002, 1.7000000000000002, 1.8, 1.8, 1.8, 1.0, 1.0, 1.0, 5.3, 5.3, 5.3, 1.5, 1.5, 1.5, 6.0, 6.0, 6.0], "adaptive_substitutions_per_codon": [0.0, 0.0, 0.0, 0.0, 0.002390438247011952, 0.002390438247011952, 0.002390438247011952, 0.002257636122177955, 0.002257636122177955, 0.002257636122177955, 0.002390438247011952, 0.002390438247011952, 0.002390438247011952, 0.0013280212483399733, 0.0013280212483399733, 0.0013280212483399733, 0.007038512616201859, 0.007038512616201859, 0.007038512616201859, 0.00199203187250996, 0.00199203187250996, 0.00199203187250996, 0.00796812749003984, 0.00796812749003984, 0.00796812749003984], "rate_of_adaptation": 0.00023809318042364167}