{"scheme": "s11", "gene": "spike", "rep": "4", "window": 3, "min_seqs": 3, "midfreq_high": 0.75, "midfreq_low": 0.15, "window_midpoint": [1990.5, 1991.5, 1992.5, 1993.5, 1994.5, 1995.5, 1996.5, 1998.5, 1999.5, 2000.5, 2001.5, 2002.5, 2003.5, 2004.5, 2005.5, 2006.5, 2008.5, 2009.5, 2010.5, 2011.5, 2012.5, 2013.5, 2014.5, 2015.5, 2016.5], "adaptive_substitutions": [0.0, 0.0, 0.0, 0.0, 0.8897243107769424, 0.8897243107769424, 0.8897243107769424, 0.8897243107769424, 0.8897243107769424, 0.8897243107769424, 0.8922305764411028, 0.8922305764411028, 0.8922305764411028, 0.7894736842105263, 0.7894736842105263, 0.7894736842105263, 3.7456140350877196, 3.7456140350877196, 3.7456140350877196, 2.7506265664160403, 2.7506265664160403, 2.7506265664160403, 4.62155388471178, 4.62155388471178, 4.62155388471178], "adaptive_substitutions_per_codon": [0.0, 0.0, 0.0, 0.0, 0.00021790945647243262, 0.00021790945647243262, 0.00021790945647243262, 0.00021790945647243262, 0.00021790945647243262, 0.00021790945647243262, 0.00021852328592728454, 0.00021852328592728454, 0.00021852328592728454, 0.0001933562782783557, 0.0001933562782783557, 0.0001933562782783557, 0.0009173681202761987, 0.0009173681202761987, 0.0009173681202761987, 0.0006736778266999854, 0.0006736778266999854, 0.0006736778266999854, 0.0011319015147469458, 0.0011319015147469458, 0.0011319015147469458], "rate_of_adaptation": 4.240860009226168e-05}