{"scheme": "s11", "gene": "s1", "rep": "7", "window": 3, "min_seqs": 3, "midfreq_high": 0.75, "midfreq_low": 0.15, "window_midpoint": [1990.5, 1991.5, 1992.5, 1993.5, 1994.5, 1995.5, 1996.5, 1998.5, 1999.5, 2000.5, 2001.5, 2002.5, 2003.5, 2004.5, 2005.5, 2006.5, 2008.5, 2009.5, 2010.5, 2011.5, 2012.5, 2013.5, 2014.5, 2015.5, 2016.5], "adaptive_substitutions": [0.0, 0.0, 0.0, 0.0, 0.0, 0.0, 0.0, 0.799818016378526, 0.799818016378526, 0.799818016378526, 0.0, 0.0, 0.0, 0.799818016378526, 0.799818016378526, 0.799818016378526, 0.899909008189263, 0.899909008189263, 0.899909008189263, 1.6997270245677891, 1.6997270245677891, 1.6997270245677891, 0.5, 0.5, 0.5], "adaptive_substitutions_per_codon": [0.0, 0.0, 0.0, 0.0, 0.0, 0.0, 0.0, 0.0003540584401852705, 0.0003540584401852705, 0.0003540584401852705, 0.0, 0.0, 0.0, 0.0003540584401852705, 0.0003540584401852705, 0.0003540584401852705, 0.00039836609481596415, 0.00039836609481596415, 0.00039836609481596415, 0.0007524245350012346, 0.0007524245350012346, 0.0007524245350012346, 0.0002213368747233289, 0.0002213368747233289, 0.0002213368747233289], "rate_of_adaptation": 2.0702322017523994e-05}