{"scheme": "s11", "gene": "spike", "window": 3, "min_seqs": 3, "midfreq_high": 0.75, "midfreq_low": 0.15, "window_midpoint": [1990.5, 1991.5, 1992.5, 1993.5, 1994.5, 1995.5, 1996.5, 1998.5, 1999.5, 2000.5, 2001.5, 2002.5, 2003.5, 2004.5, 2005.5, 2006.5, 2008.5, 2009.5, 2010.5, 2011.5, 2012.5, 2013.5, 2014.5, 2015.5, 2016.5], "adaptive_substitutions": [0.0, 0.0, 0.0, 0.0, 0.0, 0.0, 0.0, 1.9, 1.9, 1.9, 0.9, 0.9, 0.9, 3.4000000000000004, 3.4000000000000004, 3.4000000000000004, 4.9, 4.9, 4.9, 5.7, 5.7, 5.7, 7.7, 7.7, 7.7], "adaptive_substitutions_per_codon": [0.0, 0.0, 0.0, 0.0, 0.0, 0.0, 0.0, 0.00046534410972324267, 0.00046534410972324267, 0.00046534410972324267, 0.0002204261572373255, 0.0002204261572373255, 0.0002204261572373255, 0.0008327210384521186, 0.0008327210384521186, 0.0008327210384521186, 0.0012000979671809944, 0.0012000979671809944, 0.0012000979671809944, 0.0013960323291697281, 0.0013960323291697281, 0.0013960323291697281, 0.0018858682341415627, 0.0018858682341415627, 0.0018858682341415627], "rate_of_adaptation": 7.850520456517771e-05}