{"scheme": "s12", "gene": "spike", "rep": "4", "window": 3, "min_seqs": 3, "midfreq_high": 0.75, "midfreq_low": 0.15, "window_midpoint": [1990.5, 1991.5, 1992.5, 1993.5, 1994.5, 1995.5, 1996.5, 1998.5, 1999.5, 2000.5, 2001.5, 2002.5, 2003.5, 2004.5, 2005.5, 2006.5, 2008.5, 2009.5, 2010.5, 2011.5, 2012.5, 2013.5, 2014.5, 2015.5, 2016.5], "adaptive_substitutions": [0.0, 0.0, 0.0, 0.0, 3.0, 3.0, 3.0, 4.6, 4.6, 4.6, 4.5, 4.5, 4.5, 5.6, 5.6, 5.6, 7.6, 7.6, 7.6, 6.9, 6.9, 6.9, 10.6, 10.6, 10.6], "adaptive_substitutions_per_codon": [0.0, 0.0, 0.0, 0.0, 0.0007347538574577516, 0.0007347538574577516, 0.0007347538574577516, 0.001126622581435219, 0.001126622581435219, 0.001126622581435219, 0.0011021307861866275, 0.0011021307861866275, 0.0011021307861866275, 0.0013715405339211363, 0.0013715405339211363, 0.0013715405339211363, 0.0018613764388929707, 0.0018613764388929707, 0.0018613764388929707, 0.001689933872152829, 0.001689933872152829, 0.001689933872152829, 0.0025961302963507225, 0.0025961302963507225, 0.0025961302963507225], "rate_of_adaptation": 9.070724108210714e-05}