{"scheme": "s12", "gene": "s1", "rep": "7", "window": 3, "min_seqs": 3, "midfreq_high": 0.75, "midfreq_low": 0.15, "window_midpoint": [1990.5, 1991.5, 1992.5, 1993.5, 1994.5, 1995.5, 1996.5, 1998.5, 1999.5, 2000.5, 2001.5, 2002.5, 2003.5, 2004.5, 2005.5, 2006.5, 2008.5, 2009.5, 2010.5, 2011.5, 2012.5, 2013.5, 2014.5, 2015.5, 2016.5], "adaptive_substitutions": [0.0, 0.0, 0.0, 0.0, 1.3, 1.3, 1.3, 3.7, 3.7, 3.7, 4.0, 4.0, 4.0, 4.9, 4.9, 4.9, 5.8, 5.8, 5.8, 5.0, 5.0, 5.0, 6.1, 6.1, 6.1], "adaptive_substitutions_per_codon": [0.0, 0.0, 0.0, 0.0, 0.0017264276228419655, 0.0017264276228419655, 0.0017264276228419655, 0.004913678618857902, 0.004913678618857902, 0.004913678618857902, 0.005312084993359893, 0.005312084993359893, 0.005312084993359893, 0.0065073041168658705, 0.0065073041168658705, 0.0065073041168658705, 0.007702523240371846, 0.007702523240371846, 0.007702523240371846, 0.006640106241699867, 0.006640106241699867, 0.006640106241699867, 0.008100929614873837, 0.008100929614873837, 0.008100929614873837], "rate_of_adaptation": 0.0003294494925509082}