{"scheme": "s12", "gene": "s1", "rep": "8", "window": 3, "min_seqs": 3, "midfreq_high": 0.75, "midfreq_low": 0.15, "window_midpoint": [1990.5, 1991.5, 1992.5, 1993.5, 1994.5, 1995.5, 1996.5, 1998.5, 1999.5, 2000.5, 2001.5, 2002.5, 2003.5, 2004.5, 2005.5, 2006.5, 2008.5, 2009.5, 2010.5, 2011.5, 2012.5, 2013.5, 2014.5, 2015.5, 2016.5], "adaptive_substitutions": [0.0, 0.0, 0.0, 0.0, 0.0, 0.0, 0.0, 1.5, 1.5, 1.5, 4.2, 4.2, 4.2, 6.6, 6.6, 6.6, 7.15, 7.15, 7.15, 7.133333333333333, 7.133333333333333, 7.133333333333333, 9.0, 9.0, 9.0], "adaptive_substitutions_per_codon": [0.0, 0.0, 0.0, 0.0, 0.0, 0.0, 0.0, 0.00199203187250996, 0.00199203187250996, 0.00199203187250996, 0.005577689243027889, 0.005577689243027889, 0.005577689243027889, 0.008764940239043824, 0.008764940239043824, 0.008764940239043824, 0.00949535192563081, 0.00949535192563081, 0.00949535192563081, 0.009473218238158476, 0.009473218238158476, 0.009473218238158476, 0.01195219123505976, 0.01195219123505976, 0.01195219123505976], "rate_of_adaptation": 0.0005407752366745833}