{"scheme": "s12", "gene": "s1", "rep": "2", "window": 3, "min_seqs": 3, "midfreq_high": 0.75, "midfreq_low": 0.15, "window_midpoint": [1990.5, 1991.5, 1992.5, 1993.5, 1994.5, 1995.5, 1996.5, 1998.5, 1999.5, 2000.5, 2001.5, 2002.5, 2003.5, 2004.5, 2005.5, 2006.5, 2008.5, 2009.5, 2010.5, 2011.5, 2012.5, 2013.5, 2014.5, 2015.5, 2016.5], "adaptive_substitutions": [0.0, 0.0, 0.0, 0.0, 0.8, 0.8, 0.8, 4.7, 4.7, 4.7, 4.25, 4.25, 4.25, 7.7, 7.7, 7.7, 7.7, 7.7, 7.7, 9.6, 9.6, 9.6, 10.9, 10.9, 10.9], "adaptive_substitutions_per_codon": [0.0, 0.0, 0.0, 0.0, 0.0010624169986719787, 0.0010624169986719787, 0.0010624169986719787, 0.006241699867197875, 0.006241699867197875, 0.006241699867197875, 0.005644090305444887, 0.005644090305444887, 0.005644090305444887, 0.010225763612217796, 0.010225763612217796, 0.010225763612217796, 0.010225763612217796, 0.010225763612217796, 0.010225763612217796, 0.012749003984063744, 0.012749003984063744, 0.012749003984063744, 0.01447543160690571, 0.01447543160690571, 0.01447543160690571], "rate_of_adaptation": 0.0006172605647630937}