{"scheme": "s12", "gene": "spike", "rep": "5", "window": 3, "min_seqs": 3, "midfreq_high": 0.75, "midfreq_low": 0.15, "window_midpoint": [1990.5, 1991.5, 1992.5, 1993.5, 1994.5, 1995.5, 1996.5, 1998.5, 1999.5, 2000.5, 2001.5, 2002.5, 2003.5, 2004.5, 2005.5, 2006.5, 2008.5, 2009.5, 2010.5, 2011.5, 2012.5, 2013.5, 2014.5, 2015.5, 2016.5], "adaptive_substitutions": [0.0, 0.0, 0.0, 0.0, 2.5, 2.5, 2.5, 3.4, 3.4, 3.4, 4.2, 4.2, 4.2, 4.3, 4.3, 4.3, 4.8, 4.8, 4.8, 4.4, 4.4, 4.4, 12.3, 12.3, 12.3], "adaptive_substitutions_per_codon": [0.0, 0.0, 0.0, 0.0, 0.0006122948812147931, 0.0006122948812147931, 0.0006122948812147931, 0.0008327210384521185, 0.0008327210384521185, 0.0008327210384521185, 0.0010286554004408524, 0.0010286554004408524, 0.0010286554004408524, 0.001053147195689444, 0.001053147195689444, 0.001053147195689444, 0.0011756061719324026, 0.0011756061719324026, 0.0011756061719324026, 0.0010776389909380357, 0.0010776389909380357, 0.0010776389909380357, 0.003012490815576782, 0.003012490815576782, 0.003012490815576782], "rate_of_adaptation": 8.52178072784703e-05}