{"scheme": "s12", "gene": "spike", "rep": "3", "window": 3, "min_seqs": 3, "midfreq_high": 0.75, "midfreq_low": 0.15, "window_midpoint": [1990.5, 1991.5, 1992.5, 1993.5, 1994.5, 1995.5, 1996.5, 1998.5, 1999.5, 2000.5, 2001.5, 2002.5, 2003.5, 2004.5, 2005.5, 2006.5, 2008.5, 2009.5, 2010.5, 2011.5, 2012.5, 2013.5, 2014.5, 2015.5, 2016.5], "adaptive_substitutions": [0.0, 0.0, 0.0, 0.0, 0.0, 0.0, 0.0, 2.5, 2.5, 2.5, 4.9, 4.9, 4.9, 5.7, 5.7, 5.7, 5.0, 5.0, 5.0, 6.1, 6.1, 6.1, 7.6, 7.6, 7.6], "adaptive_substitutions_per_codon": [0.0, 0.0, 0.0, 0.0, 0.0, 0.0, 0.0, 0.0006122948812147931, 0.0006122948812147931, 0.0006122948812147931, 0.0012000979671809944, 0.0012000979671809944, 0.0012000979671809944, 0.0013960323291697281, 0.0013960323291697281, 0.0013960323291697281, 0.0012245897624295861, 0.0012245897624295861, 0.0012245897624295861, 0.001493999510164095, 0.001493999510164095, 0.001493999510164095, 0.0018613764388929707, 0.0018613764388929707, 0.0018613764388929707], "rate_of_adaptation": 7.879061064409739e-05}