{"scheme": "s12", "gene": "spike", "rep": "1", "window": 3, "min_seqs": 3, "midfreq_high": 0.75, "midfreq_low": 0.15, "window_midpoint": [1990.5, 1991.5, 1992.5, 1993.5, 1994.5, 1995.5, 1996.5, 1998.5, 1999.5, 2000.5, 2001.5, 2002.5, 2003.5, 2004.5, 2005.5, 2006.5, 2008.5, 2009.5, 2010.5, 2011.5, 2012.5, 2013.5, 2014.5, 2015.5, 2016.5], "adaptive_substitutions": [0.0, 0.0, 0.0, 0.0, 0.0, 0.0, 0.0, 0.0, 0.0, 0.0, 1.0, 1.0, 1.0, 5.3, 5.3, 5.3, 4.8, 4.8, 4.8, 5.4, 5.4, 5.4, 7.8, 7.8, 7.8], "adaptive_substitutions_per_codon": [0.0, 0.0, 0.0, 0.0, 0.0, 0.0, 0.0, 0.0, 0.0, 0.0, 0.0002449179524859172, 0.0002449179524859172, 0.0002449179524859172, 0.0012980651481753612, 0.0012980651481753612, 0.0012980651481753612, 0.0011756061719324026, 0.0011756061719324026, 0.0011756061719324026, 0.001322556943423953, 0.001322556943423953, 0.001322556943423953, 0.0019103600293901542, 0.0019103600293901542, 0.0019103600293901542], "rate_of_adaptation": 8.277517603161233e-05}