{"scheme": "s15", "gene": "s1", "rep": "1", "window": 3, "min_seqs": 3, "midfreq_high": 0.75, "midfreq_low": 0.15, "window_midpoint": [1990.5, 1991.5, 1992.5, 1993.5, 1994.5, 1995.5, 1996.5, 1998.5, 1999.5, 2000.5, 2001.5, 2002.5, 2003.5, 2004.5, 2005.5, 2006.5, 2008.5, 2009.5, 2010.5, 2011.5, 2012.5, 2013.5, 2014.5, 2015.5, 2016.5], "adaptive_substitutions": [0.0, 0.0, 0.0, 0.0, 0.0, 0.0, 0.0, 0.0, 0.0, 0.0, 2.0, 2.0, 2.0, 2.1500000000000004, 2.1500000000000004, 2.1500000000000004, 3.0, 3.0, 3.0, 5.9, 5.9, 5.9, 7.7, 7.7, 7.7], "adaptive_substitutions_per_codon": [0.0, 0.0, 0.0, 0.0, 0.0, 0.0, 0.0, 0.0, 0.0, 0.0, 0.0026560424966799467, 0.0026560424966799467, 0.0026560424966799467, 0.0028552456839309433, 0.0028552456839309433, 0.0028552456839309433, 0.00398406374501992, 0.00398406374501992, 0.00398406374501992, 0.007835325365205844, 0.007835325365205844, 0.007835325365205844, 0.010225763612217796, 0.010225763612217796, 0.010225763612217796], "rate_of_adaptation": 0.0004123645658500037}