{"scheme": "s15", "gene": "s1", "rep": "6", "window": 3, "min_seqs": 3, "midfreq_high": 0.75, "midfreq_low": 0.15, "window_midpoint": [1990.5, 1991.5, 1992.5, 1993.5, 1994.5, 1995.5, 1996.5, 1998.5, 1999.5, 2000.5, 2001.5, 2002.5, 2003.5, 2004.5, 2005.5, 2006.5, 2008.5, 2009.5, 2010.5, 2011.5, 2012.5, 2013.5, 2014.5, 2015.5, 2016.5], "adaptive_substitutions": [0.0, 0.0, 0.0, 0.0, 0.9, 0.9, 0.9, 0.9, 0.9, 0.9, 0.9, 0.9, 0.9, 0.8, 0.8, 0.8, 1.8, 1.8, 1.8, 3.5, 3.5, 3.5, 1.0, 1.0, 1.0], "adaptive_substitutions_per_codon": [0.0, 0.0, 0.0, 0.0, 0.001195219123505976, 0.001195219123505976, 0.001195219123505976, 0.001195219123505976, 0.001195219123505976, 0.001195219123505976, 0.001195219123505976, 0.001195219123505976, 0.001195219123505976, 0.0010624169986719787, 0.0010624169986719787, 0.0010624169986719787, 0.002390438247011952, 0.002390438247011952, 0.002390438247011952, 0.004648074369189907, 0.004648074369189907, 0.004648074369189907, 0.0013280212483399733, 0.0013280212483399733, 0.0013280212483399733], "rate_of_adaptation": 0.00010907286457258288}