{"scheme": "s16", "gene": "s1", "rep": "6", "window": 3, "min_seqs": 3, "midfreq_high": 0.75, "midfreq_low": 0.15, "window_midpoint": [1990.5, 1991.5, 1992.5, 1993.5, 1994.5, 1995.5, 1996.5, 1998.5, 1999.5, 2000.5, 2001.5, 2002.5, 2003.5, 2004.5, 2005.5, 2006.5, 2008.5, 2009.5, 2010.5, 2011.5, 2012.5, 2013.5, 2014.5, 2015.5, 2016.5], "adaptive_substitutions": [0.0, 0.9, 0.9, 0.9, 0.9, 0.9, 0.9, 3.4000000000000004, 3.4000000000000004, 3.4000000000000004, 3.5, 3.5, 3.5, 2.8, 2.8, 2.8, 4.2, 4.2, 4.2, 1.9, 1.9, 1.9, 7.1000000000000005, 7.1000000000000005, 7.1000000000000005], "adaptive_substitutions_per_codon": [0.0, 0.00039840637450199205, 0.00039840637450199205, 0.00039840637450199205, 0.00039840637450199205, 0.00039840637450199205, 0.00039840637450199205, 0.0015050907481186366, 0.0015050907481186366, 0.0015050907481186366, 0.0015493581230633024, 0.0015493581230633024, 0.0015493581230633024, 0.0012394864984506418, 0.0012394864984506418, 0.0012394864984506418, 0.0018592297476759628, 0.0018592297476759628, 0.0018592297476759628, 0.0008410801239486498, 0.0008410801239486498, 0.0008410801239486498, 0.0031429836210712706, 0.0031429836210712706, 0.0031429836210712706], "rate_of_adaptation": 8.116653097040282e-05}