{"scheme": "s16", "gene": "s1", "rep": "1", "window": 3, "min_seqs": 3, "midfreq_high": 0.75, "midfreq_low": 0.15, "window_midpoint": [1990.5, 1991.5, 1992.5, 1993.5, 1994.5, 1995.5, 1996.5, 1998.5, 1999.5, 2000.5, 2001.5, 2002.5, 2003.5, 2004.5, 2005.5, 2006.5, 2008.5, 2009.5, 2010.5, 2011.5, 2012.5, 2013.5, 2014.5, 2015.5, 2016.5], "adaptive_substitutions": [0.0, 0.0, 0.0, 0.0, 2.8, 2.8, 2.8, 3.0, 3.0, 3.0, 6.7, 6.7, 6.7, 8.3, 8.3, 8.3, 9.3, 9.3, 9.3, 10.9, 10.9, 10.9, 12.6, 12.6, 12.6], "adaptive_substitutions_per_codon": [0.0, 0.0, 0.0, 0.0, 0.003718459495351925, 0.003718459495351925, 0.003718459495351925, 0.00398406374501992, 0.00398406374501992, 0.00398406374501992, 0.008897742363877822, 0.008897742363877822, 0.008897742363877822, 0.01102257636122178, 0.01102257636122178, 0.01102257636122178, 0.012350597609561753, 0.012350597609561753, 0.012350597609561753, 0.01447543160690571, 0.01447543160690571, 0.01447543160690571, 0.016733067729083666, 0.016733067729083666, 0.016733067729083666], "rate_of_adaptation": 0.0006941713044909602}