{"scheme": "s16", "gene": "s1", "rep": "3", "window": 3, "min_seqs": 3, "midfreq_high": 0.75, "midfreq_low": 0.15, "window_midpoint": [1990.5, 1991.5, 1992.5, 1993.5, 1994.5, 1995.5, 1996.5, 1998.5, 1999.5, 2000.5, 2001.5, 2002.5, 2003.5, 2004.5, 2005.5, 2006.5, 2008.5, 2009.5, 2010.5, 2011.5, 2012.5, 2013.5, 2014.5, 2015.5, 2016.5], "adaptive_substitutions": [0.0, 0.0, 0.0, 0.0, 0.8, 0.8, 0.8, 1.4, 1.4, 1.4, 5.0, 5.0, 5.0, 5.9, 5.9, 5.9, 6.6, 6.6, 6.6, 8.9, 8.9, 8.9, 7.9, 7.9, 7.9], "adaptive_substitutions_per_codon": [0.0, 0.0, 0.0, 0.0, 0.0010624169986719787, 0.0010624169986719787, 0.0010624169986719787, 0.0018592297476759626, 0.0018592297476759626, 0.0018592297476759626, 0.006640106241699867, 0.006640106241699867, 0.006640106241699867, 0.007835325365205844, 0.007835325365205844, 0.007835325365205844, 0.008764940239043824, 0.008764940239043824, 0.008764940239043824, 0.011819389110225764, 0.011819389110225764, 0.011819389110225764, 0.01049136786188579, 0.01049136786188579, 0.01049136786188579], "rate_of_adaptation": 0.0005184829968327266}