{"scheme": "s16", "gene": "s1", "rep": "7", "window": 3, "min_seqs": 3, "midfreq_high": 0.75, "midfreq_low": 0.15, "window_midpoint": [1990.5, 1991.5, 1992.5, 1993.5, 1994.5, 1995.5, 1996.5, 1998.5, 1999.5, 2000.5, 2001.5, 2002.5, 2003.5, 2004.5, 2005.5, 2006.5, 2008.5, 2009.5, 2010.5, 2011.5, 2012.5, 2013.5, 2014.5, 2015.5, 2016.5], "adaptive_substitutions": [0.0, 0.0, 0.0, 0.0, 1.5, 1.5, 1.5, 1.5, 1.5, 1.5, 1.8985507246376812, 1.8985507246376812, 1.8985507246376812, 5.806763285024155, 5.806763285024155, 5.806763285024155, 5.811594202898551, 5.811594202898551, 5.811594202898551, 6.702898550724638, 6.702898550724638, 6.702898550724638, 6.594202898550725, 6.594202898550725, 6.594202898550725], "adaptive_substitutions_per_codon": [0.0, 0.0, 0.0, 0.0, 0.00199203187250996, 0.00199203187250996, 0.00199203187250996, 0.00199203187250996, 0.00199203187250996, 0.00199203187250996, 0.0025213157033700945, 0.0025213157033700945, 0.0025213157033700945, 0.007711505026592503, 0.007711505026592503, 0.007711505026592503, 0.007717920588178686, 0.007717920588178686, 0.007717920588178686, 0.008901591700829532, 0.008901591700829532, 0.008901591700829532, 0.008757241565140404, 0.008757241565140404, 0.008757241565140404], "rate_of_adaptation": 0.000411148479855952}