{"scheme": "s16", "gene": "s1", "rep": "10", "window": 3, "min_seqs": 3, "midfreq_high": 0.75, "midfreq_low": 0.15, "window_midpoint": [1990.5, 1991.5, 1992.5, 1993.5, 1994.5, 1995.5, 1996.5, 1998.5, 1999.5, 2000.5, 2001.5, 2002.5, 2003.5, 2004.5, 2005.5, 2006.5, 2008.5, 2009.5, 2010.5, 2011.5, 2012.5, 2013.5, 2014.5, 2015.5, 2016.5], "adaptive_substitutions": [0.0, 0.0, 0.0, 0.0, 1.6, 1.6, 1.6, 1.7000000000000002, 1.7000000000000002, 1.7000000000000002, 2.8, 2.8, 2.8, 3.0, 3.0, 3.0, 7.3, 7.3, 7.3, 7.800000000000001, 7.800000000000001, 7.800000000000001, 11.0, 11.0, 11.0], "adaptive_substitutions_per_codon": [0.0, 0.0, 0.0, 0.0, 0.0021248339973439574, 0.0021248339973439574, 0.0021248339973439574, 0.002257636122177955, 0.002257636122177955, 0.002257636122177955, 0.003718459495351925, 0.003718459495351925, 0.003718459495351925, 0.00398406374501992, 0.00398406374501992, 0.00398406374501992, 0.009694555112881805, 0.009694555112881805, 0.009694555112881805, 0.010358565737051793, 0.010358565737051793, 0.010358565737051793, 0.014608233731739707, 0.014608233731739707, 0.014608233731739707], "rate_of_adaptation": 0.0005697434245261801}