{"scheme": "s16", "gene": "s1", "rep": "7", "window": 3, "min_seqs": 3, "midfreq_high": 0.75, "midfreq_low": 0.15, "window_midpoint": [1990.5, 1991.5, 1992.5, 1993.5, 1994.5, 1995.5, 1996.5, 1998.5, 1999.5, 2000.5, 2001.5, 2002.5, 2003.5, 2004.5, 2005.5, 2006.5, 2008.5, 2009.5, 2010.5, 2011.5, 2012.5, 2013.5, 2014.5, 2015.5, 2016.5], "adaptive_substitutions": [0.0, 0.0, 0.0, 0.0, 1.5, 1.5, 1.5, 1.5, 1.5, 1.5, 1.8985507246376812, 1.8985507246376812, 1.8985507246376812, 5.806763285024155, 5.806763285024155, 5.806763285024155, 5.811594202898551, 5.811594202898551, 5.811594202898551, 6.702898550724638, 6.702898550724638, 6.702898550724638, 6.594202898550725, 6.594202898550725, 6.594202898550725], "adaptive_substitutions_per_codon": [0.0, 0.0, 0.0, 0.0, 0.0006640106241699867, 0.0006640106241699867, 0.0006640106241699867, 0.0006640106241699867, 0.0006640106241699867, 0.0006640106241699867, 0.0008404385677900315, 0.0008404385677900315, 0.0008404385677900315, 0.002570501675530834, 0.002570501675530834, 0.002570501675530834, 0.002572640196059562, 0.002572640196059562, 0.002572640196059562, 0.002967197233609844, 0.002967197233609844, 0.002967197233609844, 0.002919080521713468, 0.002919080521713468, 0.002919080521713468], "rate_of_adaptation": 0.00013704949328531733}