{"scheme": "s16", "gene": "s1", "rep": "4", "window": 3, "min_seqs": 3, "midfreq_high": 0.75, "midfreq_low": 0.15, "window_midpoint": [1990.5, 1991.5, 1992.5, 1993.5, 1994.5, 1995.5, 1996.5, 1998.5, 1999.5, 2000.5, 2001.5, 2002.5, 2003.5, 2004.5, 2005.5, 2006.5, 2008.5, 2009.5, 2010.5, 2011.5, 2012.5, 2013.5, 2014.5, 2015.5, 2016.5], "adaptive_substitutions": [0.0, 0.0, 0.0, 0.0, 1.8, 1.8, 1.8, 2.3, 2.3, 2.3, 3.0, 3.0, 3.0, 3.2, 3.2, 3.2, 7.0, 7.0, 7.0, 7.0, 7.0, 7.0, 10.3, 10.3, 10.3], "adaptive_substitutions_per_codon": [0.0, 0.0, 0.0, 0.0, 0.002390438247011952, 0.002390438247011952, 0.002390438247011952, 0.0030544488711819386, 0.0030544488711819386, 0.0030544488711819386, 0.00398406374501992, 0.00398406374501992, 0.00398406374501992, 0.004249667994687915, 0.004249667994687915, 0.004249667994687915, 0.009296148738379814, 0.009296148738379814, 0.009296148738379814, 0.009296148738379814, 0.009296148738379814, 0.009296148738379814, 0.013678618857901727, 0.013678618857901727, 0.013678618857901727], "rate_of_adaptation": 0.0005166038162840743}