{"scheme": "s3", "gene": "s1", "rep": "1", "window": 3, "min_seqs": 3, "midfreq_high": 0.75, "midfreq_low": 0.15, "window_midpoint": [1990.5, 1991.5, 1992.5, 1993.5, 1994.5, 1995.5, 1996.5, 1998.5, 1999.5, 2000.5, 2001.5, 2002.5, 2003.5, 2004.5, 2005.5, 2006.5, 2008.5, 2009.5, 2010.5, 2011.5, 2012.5, 2013.5, 2014.5, 2015.5, 2016.5], "adaptive_substitutions": [0.0, 0.0, 0.0, 0.0, 0.0, 0.0, 0.0, 0.0, 0.0, 0.0, 0.8, 0.8, 0.8, 2.8, 2.8, 2.8, 2.8, 2.8, 2.8, 3.7, 3.7, 3.7, 3.8, 3.8, 3.8], "adaptive_substitutions_per_codon": [0.0, 0.0, 0.0, 0.0, 0.0, 0.0, 0.0, 0.0, 0.0, 0.0, 0.0010624169986719787, 0.0010624169986719787, 0.0010624169986719787, 0.003718459495351925, 0.003718459495351925, 0.003718459495351925, 0.003718459495351925, 0.003718459495351925, 0.003718459495351925, 0.004913678618857902, 0.004913678618857902, 0.004913678618857902, 0.005046480743691899, 0.005046480743691899, 0.005046480743691899], "rate_of_adaptation": 0.00024968983471853397}