{"scheme": "s4", "gene": "s1", "rep": "10", "window": 3, "min_seqs": 3, "midfreq_high": 0.75, "midfreq_low": 0.15, "window_midpoint": [1990.5, 1991.5, 1992.5, 1993.5, 1994.5, 1995.5, 1996.5, 1998.5, 1999.5, 2000.5, 2001.5, 2002.5, 2003.5, 2004.5, 2005.5, 2006.5, 2008.5, 2009.5, 2010.5, 2011.5, 2012.5, 2013.5, 2014.5, 2015.5, 2016.5], "adaptive_substitutions": [0.0, 0.0, 0.0, 0.0, 5.6, 5.6, 5.6, 0.5, 0.5, 0.5, 2.5, 2.5, 2.5, 2.6, 2.6, 2.6, 4.6000000000000005, 4.6000000000000005, 4.6000000000000005, 5.0, 5.0, 5.0, 10.9, 10.9, 10.9], "adaptive_substitutions_per_codon": [0.0, 0.0, 0.0, 0.0, 0.00743691899070385, 0.00743691899070385, 0.00743691899070385, 0.0006640106241699867, 0.0006640106241699867, 0.0006640106241699867, 0.0033200531208499337, 0.0033200531208499337, 0.0033200531208499337, 0.003452855245683931, 0.003452855245683931, 0.003452855245683931, 0.006108897742363878, 0.006108897742363878, 0.006108897742363878, 0.006640106241699867, 0.006640106241699867, 0.006640106241699867, 0.01447543160690571, 0.01447543160690571, 0.01447543160690571], "rate_of_adaptation": 0.0003938340368033994}