{"scheme": "s4", "gene": "spike", "rep": "2", "window": 3, "min_seqs": 3, "midfreq_high": 0.75, "midfreq_low": 0.15, "window_midpoint": [1990.5, 1991.5, 1992.5, 1993.5, 1994.5, 1995.5, 1996.5, 1998.5, 1999.5, 2000.5, 2001.5, 2002.5, 2003.5, 2004.5, 2005.5, 2006.5, 2008.5, 2009.5, 2010.5, 2011.5, 2012.5, 2013.5, 2014.5, 2015.5, 2016.5], "adaptive_substitutions": [0.0, 0.8, 0.8, 0.8, 1.7000000000000002, 1.7000000000000002, 1.7000000000000002, 4.5, 4.5, 4.5, 4.0, 4.0, 4.0, 4.3, 4.3, 4.3, 6.9, 6.9, 6.9, 7.8, 7.8, 7.8, 8.5, 8.5, 8.5], "adaptive_substitutions_per_codon": [0.0, 0.00019593436198873379, 0.00019593436198873379, 0.00019593436198873379, 0.0004163605192260593, 0.0004163605192260593, 0.0004163605192260593, 0.0011021307861866275, 0.0011021307861866275, 0.0011021307861866275, 0.0009796718099436689, 0.0009796718099436689, 0.0009796718099436689, 0.001053147195689444, 0.001053147195689444, 0.001053147195689444, 0.001689933872152829, 0.001689933872152829, 0.001689933872152829, 0.0019103600293901542, 0.0019103600293901542, 0.0019103600293901542, 0.0020818025961302964, 0.0020818025961302964, 0.0020818025961302964], "rate_of_adaptation": 8.095154238448921e-05}