{"scheme": "s4", "gene": "s1", "rep": "2", "window": 3, "min_seqs": 3, "midfreq_high": 0.75, "midfreq_low": 0.15, "window_midpoint": [1990.5, 1991.5, 1992.5, 1993.5, 1994.5, 1995.5, 1996.5, 1998.5, 1999.5, 2000.5, 2001.5, 2002.5, 2003.5, 2004.5, 2005.5, 2006.5, 2008.5, 2009.5, 2010.5, 2011.5, 2012.5, 2013.5, 2014.5, 2015.5, 2016.5], "adaptive_substitutions": [0.0, 0.8, 0.8, 0.8, 1.7000000000000002, 1.7000000000000002, 1.7000000000000002, 4.5, 4.5, 4.5, 4.0, 4.0, 4.0, 4.3, 4.3, 4.3, 6.9, 6.9, 6.9, 7.8, 7.8, 7.8, 8.5, 8.5, 8.5], "adaptive_substitutions_per_codon": [0.0, 0.0010624169986719787, 0.0010624169986719787, 0.0010624169986719787, 0.002257636122177955, 0.002257636122177955, 0.002257636122177955, 0.00597609561752988, 0.00597609561752988, 0.00597609561752988, 0.005312084993359893, 0.005312084993359893, 0.005312084993359893, 0.005710491367861886, 0.005710491367861886, 0.005710491367861886, 0.009163346613545818, 0.009163346613545818, 0.009163346613545818, 0.010358565737051793, 0.010358565737051793, 0.010358565737051793, 0.011288180610889775, 0.011288180610889775, 0.011288180610889775], "rate_of_adaptation": 0.0004389444190648997}