{"scheme": "s4", "gene": "spike", "rep": "5", "window": 3, "min_seqs": 3, "midfreq_high": 0.75, "midfreq_low": 0.15, "window_midpoint": [1990.5, 1991.5, 1992.5, 1993.5, 1994.5, 1995.5, 1996.5, 1998.5, 1999.5, 2000.5, 2001.5, 2002.5, 2003.5, 2004.5, 2005.5, 2006.5, 2008.5, 2009.5, 2010.5, 2011.5, 2012.5, 2013.5, 2014.5, 2015.5, 2016.5], "adaptive_substitutions": [0.0, 0.0, 0.0, 0.0, 0.0, 0.0, 0.0, 0.8, 0.8, 0.8, 2.3, 2.3, 2.3, 3.0, 3.0, 3.0, 5.7, 5.7, 5.7, 5.6, 5.6, 5.6, 10.9, 10.9, 10.9], "adaptive_substitutions_per_codon": [0.0, 0.0, 0.0, 0.0, 0.0, 0.0, 0.0, 0.00019593436198873379, 0.00019593436198873379, 0.00019593436198873379, 0.0005633112907176095, 0.0005633112907176095, 0.0005633112907176095, 0.0007347538574577516, 0.0007347538574577516, 0.0007347538574577516, 0.0013960323291697281, 0.0013960323291697281, 0.0013960323291697281, 0.0013715405339211363, 0.0013715405339211363, 0.0013715405339211363, 0.0026696056820964976, 0.0026696056820964976, 0.0026696056820964976], "rate_of_adaptation": 9.898216408455093e-05}