{"scheme": "s4", "gene": "s1", "rep": "7", "window": 3, "min_seqs": 3, "midfreq_high": 0.75, "midfreq_low": 0.15, "window_midpoint": [1990.5, 1991.5, 1992.5, 1993.5, 1994.5, 1995.5, 1996.5, 1998.5, 1999.5, 2000.5, 2001.5, 2002.5, 2003.5, 2004.5, 2005.5, 2006.5, 2008.5, 2009.5, 2010.5, 2011.5, 2012.5, 2013.5, 2014.5, 2015.5, 2016.5], "adaptive_substitutions": [0.0, 0.0, 0.0, 0.0, 0.0, 0.0, 0.0, 3.4000000000000004, 3.4000000000000004, 3.4000000000000004, 4.9, 4.9, 4.9, 5.0, 5.0, 5.0, 4.9, 4.9, 4.9, 7.4, 7.4, 7.4, 7.0, 7.0, 7.0], "adaptive_substitutions_per_codon": [0.0, 0.0, 0.0, 0.0, 0.0, 0.0, 0.0, 0.00451527224435591, 0.00451527224435591, 0.00451527224435591, 0.0065073041168658705, 0.0065073041168658705, 0.0065073041168658705, 0.006640106241699867, 0.006640106241699867, 0.006640106241699867, 0.0065073041168658705, 0.0065073041168658705, 0.0065073041168658705, 0.009827357237715804, 0.009827357237715804, 0.009827357237715804, 0.009296148738379814, 0.009296148738379814, 0.009296148738379814], "rate_of_adaptation": 0.00042430288933555994}