{"scheme": "s4", "gene": "s1", "rep": "8", "window": 3, "min_seqs": 3, "midfreq_high": 0.75, "midfreq_low": 0.15, "window_midpoint": [1990.5, 1991.5, 1992.5, 1993.5, 1994.5, 1995.5, 1996.5, 1998.5, 1999.5, 2000.5, 2001.5, 2002.5, 2003.5, 2004.5, 2005.5, 2006.5, 2008.5, 2009.5, 2010.5, 2011.5, 2012.5, 2013.5, 2014.5, 2015.5, 2016.5], "adaptive_substitutions": [0.0, 0.0, 0.0, 0.0, 0.8, 0.8, 0.8, 0.0, 0.0, 0.0, 3.6, 3.6, 3.6, 4.5, 4.5, 4.5, 6.833333333333334, 6.833333333333334, 6.833333333333334, 5.3, 5.3, 5.3, 6.0, 6.0, 6.0], "adaptive_substitutions_per_codon": [0.0, 0.0, 0.0, 0.0, 0.0010624169986719787, 0.0010624169986719787, 0.0010624169986719787, 0.0, 0.0, 0.0, 0.004780876494023904, 0.004780876494023904, 0.004780876494023904, 0.00597609561752988, 0.00597609561752988, 0.00597609561752988, 0.009074811863656485, 0.009074811863656485, 0.009074811863656485, 0.007038512616201859, 0.007038512616201859, 0.007038512616201859, 0.00796812749003984, 0.00796812749003984, 0.00796812749003984], "rate_of_adaptation": 0.00039577686161305784}