{"scheme": "s4", "gene": "s1", "rep": "9", "window": 3, "min_seqs": 3, "midfreq_high": 0.75, "midfreq_low": 0.15, "window_midpoint": [1990.5, 1991.5, 1992.5, 1993.5, 1994.5, 1995.5, 1996.5, 1998.5, 1999.5, 2000.5, 2001.5, 2002.5, 2003.5, 2004.5, 2005.5, 2006.5, 2008.5, 2009.5, 2010.5, 2011.5, 2012.5, 2013.5, 2014.5, 2015.5, 2016.5], "adaptive_substitutions": [0.0, 1.8326947637292466, 1.8326947637292466, 1.8326947637292466, 0.9782886334610472, 0.9782886334610472, 0.9782886334610472, 3.4240102171136653, 3.4240102171136653, 3.4240102171136653, 0.9782886334610472, 0.9782886334610472, 0.9782886334610472, 0.4782886334610473, 0.4782886334610473, 0.4782886334610473, 3.467432950191571, 3.467432950191571, 3.467432950191571, 8.621966794380587, 8.621966794380587, 8.621966794380587, 12.078544061302681, 12.078544061302681, 12.078544061302681], "adaptive_substitutions_per_codon": [0.0, 0.002433857587953847, 0.002433857587953847, 0.002433857587953847, 0.0012991880922457466, 0.0012991880922457466, 0.0012991880922457466, 0.004547158322860114, 0.004547158322860114, 0.004547158322860114, 0.0012991880922457466, 0.0012991880922457466, 0.0012991880922457466, 0.00063517746807576, 0.00063517746807576, 0.00063517746807576, 0.004604824635048567, 0.004604824635048567, 0.004604824635048567, 0.011450155105419106, 0.011450155105419106, 0.011450155105419106, 0.01604056316242056, 0.01604056316242056, 0.01604056316242056], "rate_of_adaptation": 0.0005001744590711841}