{"scheme": "s7", "gene": "s1", "rep": "3", "window": 3, "min_seqs": 3, "midfreq_high": 0.75, "midfreq_low": 0.15, "window_midpoint": [1990.5, 1991.5, 1992.5, 1993.5, 1994.5, 1995.5, 1996.5, 1998.5, 1999.5, 2000.5, 2001.5, 2002.5, 2003.5, 2004.5, 2005.5, 2006.5, 2008.5, 2009.5, 2010.5, 2011.5, 2012.5, 2013.5, 2014.5, 2015.5, 2016.5], "adaptive_substitutions": [0.0, 0.0, 0.0, 0.0, 1.4, 1.4, 1.4, 3.9000000000000004, 3.9000000000000004, 3.9000000000000004, 4.8, 4.8, 4.8, 5.0, 5.0, 5.0, 7.9, 7.9, 7.9, 7.5, 7.5, 7.5, 7.8, 7.8, 7.8], "adaptive_substitutions_per_codon": [0.0, 0.0, 0.0, 0.0, 0.0006197432492253209, 0.0006197432492253209, 0.0006197432492253209, 0.0017264276228419657, 0.0017264276228419657, 0.0017264276228419657, 0.0021248339973439574, 0.0021248339973439574, 0.0021248339973439574, 0.002213368747233289, 0.002213368747233289, 0.002213368747233289, 0.0034971226206285968, 0.0034971226206285968, 0.0034971226206285968, 0.0033200531208499337, 0.0033200531208499337, 0.0033200531208499337, 0.003452855245683931, 0.003452855245683931, 0.003452855245683931], "rate_of_adaptation": 0.0001539487679777452}