{"scheme": "s7", "gene": "s1", "rep": "4", "window": 3, "min_seqs": 3, "midfreq_high": 0.75, "midfreq_low": 0.15, "window_midpoint": [1990.5, 1991.5, 1992.5, 1993.5, 1994.5, 1995.5, 1996.5, 1998.5, 1999.5, 2000.5, 2001.5, 2002.5, 2003.5, 2004.5, 2005.5, 2006.5, 2008.5, 2009.5, 2010.5, 2011.5, 2012.5, 2013.5, 2014.5, 2015.5, 2016.5], "adaptive_substitutions": [0.0, 0.0, 0.0, 0.0, 0.8, 0.8, 0.8, 3.7, 3.7, 3.7, 4.3, 4.3, 4.3, 6.9, 6.9, 6.9, 7.6, 7.6, 7.6, 6.0, 6.0, 6.0, 10.7, 10.7, 10.7], "adaptive_substitutions_per_codon": [0.0, 0.0, 0.0, 0.0, 0.0003541389995573263, 0.0003541389995573263, 0.0003541389995573263, 0.001637892872952634, 0.001637892872952634, 0.001637892872952634, 0.0019034971226206286, 0.0019034971226206286, 0.0019034971226206286, 0.003054448871181939, 0.003054448871181939, 0.003054448871181939, 0.003364320495794599, 0.003364320495794599, 0.003364320495794599, 0.0026560424966799467, 0.0026560424966799467, 0.0026560424966799467, 0.004736609119079238, 0.004736609119079238, 0.004736609119079238], "rate_of_adaptation": 0.000178455158163023}