{"scheme": "s8", "gene": "s1", "rep": "1", "window": 3, "min_seqs": 3, "midfreq_high": 0.75, "midfreq_low": 0.15, "window_midpoint": [1990.5, 1991.5, 1992.5, 1993.5, 1994.5, 1995.5, 1996.5, 1998.5, 1999.5, 2000.5, 2001.5, 2002.5, 2003.5, 2004.5, 2005.5, 2006.5, 2008.5, 2009.5, 2010.5, 2011.5, 2012.5, 2013.5, 2014.5, 2015.5, 2016.5], "adaptive_substitutions": [0.0, 0.0, 0.0, 0.0, 1.3, 1.3, 1.3, 4.3, 4.3, 4.3, 5.7, 5.7, 5.7, 6.5, 6.5, 6.5, 6.9, 6.9, 6.9, 6.6, 6.6, 6.6, 9.5, 9.5, 9.5], "adaptive_substitutions_per_codon": [0.0, 0.0, 0.0, 0.0, 0.0005754758742806551, 0.0005754758742806551, 0.0005754758742806551, 0.0019034971226206286, 0.0019034971226206286, 0.0019034971226206286, 0.00252324037184595, 0.00252324037184595, 0.00252324037184595, 0.002877379371403276, 0.002877379371403276, 0.002877379371403276, 0.003054448871181939, 0.003054448871181939, 0.003054448871181939, 0.0029216467463479413, 0.0029216467463479413, 0.0029216467463479413, 0.0042054006197432495, 0.0042054006197432495, 0.0042054006197432495], "rate_of_adaptation": 0.00016014570918096603}