{"virus": "vic", "subtype": null, "gene": "pb1", "window": 3, "min_seqs": 2, "midfreq_high": 0.75, "midfreq_low": 0.15, "window_midpoint": [2009.5, 2010.5, 2011.5, 2012.5, 2013.5, 2014.5, 2015.5, 2016.5, 2017.5, 2018.5], "adaptive_substitutions": [0.0, 0.0, 0.0, 0.0, 0.8956395363818614, 0.9995516365266777, 1.0016393651543958, 1.0023969116498366, 1.0035100116763787, 1.0023499800301028], "adaptive_substitutions_per_codon": [0.0, 0.0, 0.0, 0.0, 0.0003964761117228249, 0.0004424752707068073, 0.0004433994533662664, 0.00044373479931378334, 0.0004442275394760419, 0.0004437140239177082], "rate_of_adaptation": 6.483570004389919e-05}