{"cov": "229e", "gene": "nucleocapsid", "window": 3, "clade": null, "min_seqs": 2, "midfreq_high": 0.75, "midfreq_low": 0.15, "window_midpoint": [1992.5, 1993.5, 1994.5, 2004.5, 2005.5, 2006.5, 2007.5, 2008.5, 2009.5, 2010.5, 2011.5, 2012.5, 2013.5, 2014.5, 2015.5, 2016.5, 2017.5], "adaptive_substitutions": [0.0, 0.0, 0.0, 0.0, 0.0, 0.75, 0.8333333333333334, 0.8947368421052632, 0.9310344827586207, 0.9666666666666667, 1.0, 2.9130434782608696, 3.0, 3.0, 2.8, 2.8, 2.769230769230769], "adaptive_substitutions_per_codon": [0.0, 0.0, 0.0, 0.0, 0.0, 0.000641025641025641, 0.0007122507122507123, 0.0007647323436797121, 0.0007957559681697613, 0.0008262108262108262, 0.0008547008547008547, 0.002489780750650316, 0.002564102564102564, 0.002564102564102564, 0.002393162393162393, 0.002393162393162393, 0.002366863905325444], "rate_of_adaptation": 0.00011131847987978411}