{"virus": "h3n2", "gene": "ha2", "window": 3, "min_seqs": 3, "midfreq_high": 0.75, "midfreq_low": 0.15, "window_midpoint": [2007.5, 2008.5, 2009.5, 2010.5, 2011.5, 2012.5, 2013.5, 2014.5, 2015.5, 2016.5, 2017.5, 2018.5], "adaptive_substitutions": [0.0, 0.0, 0.0, 0.0, 0.0, 0.0, 0.0, 0, 0, 0.5205939123318379, 0.5707131040745086, 0.5407233101574014], "adaptive_substitutions_per_codon": [0.0, 0.0, 0.0, 0.0, 0.0, 0.0, 0.0, 0.0, 0.0, 0.0007852095208625006, 0.0008608040785437535, 0.0008155706035556582], "rate_of_adaptation": 7.76747552169354e-05, "bootstrap_adaptive_substitutions": [[0.0, 0.0, 0.0, 0.0, 0.0, 0.0, 0.0, 0, 0, 0, 0, 0], [0.0, 0.0, 0.0, 0.0, 0.0, 0.0, 0.0, 0, 0, 0, 0, 0], [0.0, 0.0, 0.0, 0.0, 0.0, 0.0, 0.0, 0.0, 0, 1.1664110017963552, 1.2682558863362297, 1.3214813255552817], [0.0, 0.0, 0.0, 0.0, 0.0, 0.0, 0.0, 0, 0, 0, 0, 0], [0.0, 0.0, 0.0, 0.0, 0.0, 0.0, 0.0, 0, 0, 0.9211767580541397, 0.9686649157963882, 0.9956314435349485], [0.0, 0.0, 0.0, 0.0, 0.0, 0.0, 0.0, 0, 0.0, 0.0, 0.0, 0.0], [0.0, 0.0, 0.0, 0.0, 0.0, 0.0, 0.0, 0.0, 0, 0.8624069106067425, 0.9675529508912046, 1.0276752904209396], [0.0, 0.0, 0.0, 0.0, 0.0, 0.0, 0.0, 0, 0, 0, 0, 0], [0.0, 0.0, 0.0, 0.0, 0.0, 0.0, 0.0, 0, 0.0, 0.0, 0.0, 0.0], [0.0, 0.0, 0.0, 0.0, 0.0, 0.0, 0.0, 0, 0, 0, 0, 0], [0.0, 0.0, 0.0, 0.0, 0.0, 0.0, 0.00024144807682537463, 0.0004243143663477996, 0.0026353130106005086, 0.9223425515438007, 0.9697714336839336, 0.9945349830171194], [0.0, 0.0, 0.0, 0.0, 0.0, 0.0, 0.0, 0.0, 0.0, 0.0, 0.0, 0.0], [0.0, 0.0, 0.0, 0.0, 0.0, 0.0, 0.0, 0, 0, 0.4941846523324282, 0.5440679922230345, 0.4624524232619486], [0.0, 0.0, 0.0, 0.0, 0.0, 0.0, 0.0, 0, 0, 0, 0, 0], [0.0, 0.0, 0.0, 0.0, 0.0, 0.0, 0.007088807019603413, 0.006933762715310713, 0.015582660494788403, 2.772473075040792, 2.9146335528543004, 2.987347764183025], [0.0, 0.0, 0.0, 0.0, 0.0, 0.0, 0.0, 0.0, 0, 0, 0, 0], [0.0, 0.0, 0.0, 0.0, 0.0, 0.0, 0.0, 0, 0, 0, 0, 0], [0.0, 0.0, 0.0, 0.0, 0.0, 0.0, 0.0, 0, 0.0, 0.42641358256842954, 0.47961779148933104, 0.26416036923195885], [0.0, 0.0, 0.0, 0.0, 0.0, 0.0, 0.0, 0, 0, 0, 0, 0], [0.0, 0.0, 0.0, 0.0, 0.0, 0.0, 0.0, 0, 0, 0, 0, 0], [0.0, 0.0, 0.0, 0.0, 0.0, 0.0, 0.0, 0.0, 0, 0, 0, 0], [0.0, 0.0, 0.0, 0.0, 0.0, 0.0, 0.0, 0, 0, 0, 0, 0], [0.0, 0.0, 0.0, 0.0, 0.0, 0.0, 0.0, 0, 0, 2.275471967835604, 2.4291135650754097, 2.4361537317133646], [0.0, 0.0, 0.0, 0.0, 0.0, 0.0, 0.0, 0.0, 0, 1.5939449323417219, 1.6964476001706235, 1.7550584635111761], [0.0, 0.0, 0.0, 0.0, 0.0, 0.0, 0.0, 0, 0.0, 0.10268358448118775, 0.1543310782066344, 0.0], [0.0, 0.0, 0.0, 0.0, 0.0, 0.0, 0.0, 0, 0, 0.5969418850696866, 0.6457004231972628, 0.6703807229909367], [0.0, 0.0, 0.0, 0.0, 0.0, 0.0, 0.0, 0, 0, 0, 0, 0], [0.0, 0.0, 0.0, 0.0, 0.0, 0.0, 0.0, 0.0, 0.0, 0.0, 0.0, 0.0], [0.0, 0.0, 0.0, 0.0, 0.0, 0.0, 0.0, 0, 0, 2.4529235480534335, 2.6007583218597765, 2.6069773636019473], [0.0, 0.0, 0.0, 0.0, 0.0, 0.0, 0.0, 0, 0, 0, 0, 0], [0.0, 0.0, 0.0, 0.0, 0.0, 0.0, 0.0, 0, 0, 0.8424229724674461, 0.8908324718068718, 0.9185129469619548], [0.0, 0.0, 0.0, 0.0, 0.0, 0.0, 0.0, 0, 0, 0, 0, 0], [0.0, 0.0, 0.0, 0.0, 0.0, 0.0, 0.0, 0.0, 0.0, 0.5155459588897262, 0.5677615097991104, 0.4978636400360888], [0.0, 0.0, 0.0, 0.0, 0.0, 0.0, 0.0, 0, 0, 1.634036654123651, 1.731789947884547, 1.7876851266448928], [0.0, 0.0, 0.0, 0.0, 0.0, 0.0, 0.0, 0.0, 0, 1.7074258424156374, 1.8065133875295016, 1.819689370015384], [0.0, 0.0, 0.0, 0.0, 0.0, 0.0, 0.0, 0.0, 0, 0.08676945192508168, 0.139737527076379, 0.04797277122181476], [0.0, 0.0, 0.0, 0.0, 0.0, 0.0, 0.0, 0, 0, 0, 0, 0], [0.0, 0.0, 0.0, 0.0, 0.0, 0.0, 0.0, 0.0, 0.0, 0.8603267582676464, 0.9087623055718769, 0.8961759227658777], [0.0, 0.0, 0.0, 0.0, 0.0, 0.0, 0.0, 0, 0, 1.4478591420081044, 1.548938618767967, 1.5422767297306528], [0.0, 0.0, 0.0, 0.0, 0.0, 0.0, 0.0036900369003690036, 0.0035211267605633804, 0.006872852233676976, 0.003305785123966942, 0.003179650238473768, 0.0], [0.0, 0.0, 0.0, 0.0, 0.0, 0.0, 0.0, 0.0, 0, 0, 0, 0], [0.0, 0.0, 0.0, 0.0, 0.0, 0.0, 0.0, 0, 0, 1.6697550350418933, 1.7679346277090868, 1.6883913528016774], [0.0, 0.0, 0.0, 0.0, 0.0, 0.0, 0.0, 0, 0, 0.32930500625038506, 0.381361840538025, 0.21368183474686686], [0.0, 0.0, 0.0, 0.0, 0.0, 0.0, 0.0, 0, 0, 0.8147788041215172, 0.8635101833300153, 0.8650030739007439], [0.0, 0.0, 0.0, 0.0, 0.0, 0.0, 0.0, 0.0, 0, 1.8441421476005417, 1.939111798859885, 1.9931814044675997], [0.0, 0.0, 0.0, 0.0, 0.0, 0.0, 0.0, 0.0, 0, 0, 0, 0], [0.0, 0.0, 0.0, 0.0, 0.0, 0.0, 0.0, 0, 0, 1.2477128623472782, 1.3505930378656679, 1.2425758148167252], [0.0, 0.0, 0.0, 0.0, 0.0, 0.0, 0.0, 0, 0, 1.4748381011488698, 1.5781919502760733, 1.5440448937531939], [0.0, 0.0, 0.0, 0.0, 0.0, 0.0, 0.0013775063682338053, 0.0012930381289765727, 0.0031250954488386187, 0.9223957534604941, 0.9698193529290291, 0.9952261532981315], [0.0, 0.0, 0.0, 0.0, 0.0, 0.0, 0.0, 0, 0, 0, 0, 0], [0.0, 0.0, 0.0, 0.0, 0.0, 0.0, 0.0, 0.0, 0, 0, 0, 0], [0.0, 0.0, 0.0, 0.0, 0.0, 0.0, 0.0, 0, 0.0, 0.5205939123318379, 0.5707131040745086, 0.48371777802957183], [0.0, 0.0, 0.0, 0.0, 0.0, 0.0, 0.0, 0, 0, 0, 0, 0], [0.0, 0.0, 0.0, 0.0, 0.0, 0.0, 0.0, 0, 0, 0, 0, 0], [0.0, 0.0, 0.0, 0.0, 0.0, 0.0, 0.0, 0, 0, 0.6753499146070945, 0.7822287846040819, 0.8363280799158681], [0.0, 0.0, 0.0, 0.0, 0.0, 0.0, 0.0, 0.0, 0.0, 0.9223140495867769, 0.9697933227344993, 0.9969418960244648], [0.0, 0.0, 0.0, 0.0, 0.0, 0.0, 0.0, 0, 0.0, 1.6693658547799402, 1.7660485627924065, 1.8181634241528846], [0.0, 0.0, 0.0, 0.0, 0.0, 0.0, 0.0, 0, 0, 0.7754887191234099, 0.8236252915535247, 0.8149017612788598], [0.0, 0.0, 0.0, 0.0, 0.0, 0.0, 0.0, 0, 0, 0, 0, 0], [0.0, 0.0, 0.0, 0.0, 0.0, 0.0, 0.0, 0, 0.0, 0.9198871852770821, 0.96737915172066, 0.9942676390791432], [0.0, 0.0, 0.0, 0.0, 0.0, 0.0, 0.0, 0, 0, 0, 0, 0], [0.0, 0.0, 0.0, 0.0, 0.0, 0.0, 0.0, 0.0, 0, 1.6348860974533272, 1.7321518844817094, 1.7829842287762874], [0.0, 0.0, 0.0, 0.0, 0.0, 0.0, 0.0, 0.0, 0, 0, 0, 0], [0.0, 0.0, 0.0, 0.0, 0.0, 0.0, 0.0, 0.0, 0, 0, 0, 0], [0.0, 0.0, 0.0, 0.0, 0.0, 0.0, 0.0, 0.0, 0, 0.9217202376407573, 0.9692050632704289, 0.9961229206877819], [0.0, 0.0, 0.0, 0.0, 0.0, 0.0, 0.0, 0, 0, 0, 0, 0], [0.0, 0.0, 0.0, 0.0, 0.0, 0.0, 0.0, 0, 0, 0, 0, 0], [0.0, 0.0, 0.0, 0.0, 0.0, 0.0, 0.0, 0.0, 0.0, 1.772407182691099, 1.870547543335459, 1.8261418351192378], [0.0, 0.0, 0.0, 0.0, 0.0, 0.0, 0.0, 0, 0, 1.3973488105448264, 1.4968983140915333, 1.5521905972237304], [0.0, 0.0, 0.0, 0.0, 0.0, 0.0, 0.0, 0, 0.0, 0.3015696953751894, 0.35165036729555865, 0.378645342173932], [0.0, 0.0, 0.0, 0.0, 0.0, 0.0, 0.0, 0, 0.0, 0.46259501432752503, 0.511822783989909, 0.4237412590698596], [0.0, 0.0, 0.0, 0.0, 0.0, 0.0, 0.0, 0.0, 0.0, 0.0, 0.0, 0.0], [0.0, 0.0, 0.0, 0.0, 0.0, 0.0, 0.0, 0, 0, 0, 0, 0], [0.0, 0.0, 0.0, 0.0, 0.0, 0.0, 0.0, 0.0, 0, 2.04920633736267, 2.2039490055944273, 2.287359916058464], [0.0, 0.0, 0.0, 0.0, 0.0, 0.0, 0.0, 0, 0, 0, 0, 0], [0.0, 0.0, 0.0, 0.0, 0.0, 0.0, 0.0, 0.0, 0, 0.2881297416474171, 0.33980666621101896, 0.3676620688422809], [0.0, 0.0, 0.0, 0.0, 0.0, 0.0, 0.0, 0.0, 0, 0, 0, 0], [0.0, 0.0, 0.0, 0.0, 0.0, 0.0, 0.0, 0.0, 0, 0, 0, 0], [0.0, 0.0, 0.0, 0.0, 0.0, 0.0, 0.0, 0, 0, 1.6044924118339448, 1.7015988570817178, 1.7299626251423605], [0.0, 0.0, 0.0, 0.0, 0.0, 0.0, 0.0, 0, 0, 0, 0, 0], [0.0, 0.0, 0.0, 0.0, 0.0, 0.0, 0.0, 0, 0.0, 0.0, 0.0, 0.0], [0.0, 0.0, 0.0, 0.0, 0.0, 0.0, 0.0, 0.0, 0, 0, 0, 0], [0.0, 0.0, 0.0, 0.0, 0.0, 0.0, 0.0, 0, 0, 2.9225260304080907, 3.128082600080377, 3.2456195214991004], [0.0, 0.0, 0.0, 0.0, 0.0, 0.0, 0.0, 0, 0, 0, 0, 0], [0.0, 0.0, 0.0, 0.0, 0.0, 0.0, 0.0, 0.0, 0, 0.6953991463082373, 0.7450002038237333, 0.6839847206819684], [0.0, 0.0, 0.0, 0.0, 0.0, 0.0, 0.0, 0.0, 0.0, 1.351935406482854, 1.4544946928508873, 1.5131379305825643], [0.0, 0.0, 0.0, 0.0, 0.0, 0.0, 0.0, 0, 0, 0, 0, 0], [0.0, 0.0, 0.0, 0.0, 0.0, 0.0, 0.0, 0, 0, 0, 0, 0], [0.0, 0.0, 0.0, 0.0, 0.0, 0.0, 0.0, 0, 0, 0, 0, 0], [0.0, 0.0, 0.0, 0.0, 0.0, 0.0, 0.0, 0.0, 0, 0, 0, 0], [0.0, 0.0, 0.0, 0.0, 0.0, 0.0, 0.0, 0, 0, 0, 0, 0], [0.0, 0.0, 0.0, 0.0, 0.0, 0.0, 0.0, 0, 0, 0.2603887239652688, 