{"cov": "hku1", "gene": "s1", "window": 3, "clade": null, "min_seqs": 3, "midfreq_high": 0.75, "midfreq_low": 0.15, "window_midpoint": [2006.5, 2007.5, 2008.5, 2009.5, 2010.5, 2011.5, 2014.5, 2015.5], "adaptive_substitutions": [0.0, 0.0, 0.0, 1.4175099079408775, 1.4175099079408775, 1.9172436212227055, 1.0, 0.0], "adaptive_substitutions_per_codon": [0.0, 0.0, 0.0, 0.000631688907282031, 0.000631688907282031, 0.0008543866404735765, 0.000445632798573975, 0.0], "rate_of_adaptation": 2.7850401770658968e-05, "bootstrap_adaptive_substitutions": [[0.0, 0.0, 0.0, 0.0, 0.0, 0.0, 1.0, 0.0], [0.0, 0.0, 0.0, 0.0, 0.0, 0.0, 2.0, 0.0], [0.0, 0.0, 0.0, 1.4227417100749586, 1.4227417100749586, 1.9208232753144454, 0.0, 0.0], [0.0, 0.0, 0.0, 4.406119891669025, 4.406119891669025, 5.912243825538623, 1.0, 0.0], [0.0, 0.0, 0.0, 2.862935766020902, 2.862935766020902, 3.853587629382722, 0.0, 0.0], [0.0, 0.0, 0.0, 0.0, 0.0, 0.0, 1.0, 0.0], [0.0, 0.0, 0.0, 0.0, 0.0, 0.0, 1.0, 0.0], [0.0, 0.0, 0.0, 1.497663941264809, 1.497663941264809, 2.0, 0.0, 0.0], [0.0, 0.0, 0.0, 2.902800408738159, 2.902800408738159, 3.9094562125438426, 2.0, 0.0], [0.0, 0.0, 0.0, 0.0, 0.0, 0.0, 0.0, 0.0], [0.0, 0.0, 0.0, 0.0, 0.0, 0.0, 0.0, 0.0], [0.0, 0.0, 0.0, 4.39690901589921, 4.39690901589921, 5.908381200215797, 1.0, 0.0], [0.0, 0.0, 0.0, 0.0, 0.0, 0.0, 0.0, 0.0], [0.0, 0.0, 0.0, 1.2050923936398799, 1.2050923936398799, 1.7011173184357542, 2.0, 0.0], [0.0, 0.0, 0.0, 2.990921344995045, 2.990921344995045, 4.0, 1.0, 0.0], [0.0, 0.0, 0.0, 1.356847219722872, 1.356847219722872, 1.8524383660248336, 1.0, 0.0], [0.0, 0.0, 0.0, 0.0, 0.0, 0.0, 0.0, 0.0], [0.0, 0.0, 0.0, 1.324156916724019, 1.324156916724019, 1.8258774948382654, 2.0, 0.0], [0.0, 0.0, 0.0, 2.934994368512374, 2.934994368512374, 3.9261970716264347, 1.0, 0.0], [0.0, 0.0, 0.0, 1.404468318095522, 1.404468318095522, 1.90832042817062, 1.0, 0.0], [0.0, 0.0, 0.0, 2.9941904297308084, 2.9941904297308084, 4.0, 0.0, 0.0], [0.0, 0.0, 0.0, 0.0, 0.0, 0.0, 0.0, 0.0], [0.0, 0.0, 0.0, 1.507985547468189, 1.507985547468189, 2.0, 1.0, 0.0], [0.0, 0.0, 0.0, 1.4415227629513345, 1.4415227629513345, 1.933673469387755, 0.0, 0.0], [0.0, 0.0, 0.0, 1.2157913382339915, 1.2157913382339915, 1.7203524931361258, 1.0, 0.0], [0.0, 0.0, 0.0, 2.9922501805688406, 2.9922501805688406, 4.0, 1.0, 0.0], [0.0, 0.0, 0.0, 4.183444899655237, 4.183444899655237, 5.6791304968867475, 1.0, 0.0], [0.0, 0.0, 0.0, 1.4962822765986212, 1.4962822765986212, 2.0, 2.0, 0.0], [0.0, 0.0, 0.0, 1.5032513877874703, 1.5032513877874703, 2.0, 1.0, 0.0], [0.0, 0.0, 0.0, 2.851969549494963, 2.851969549494963, 3.8460844286018165, 1.0, 0.0], [0.0, 0.0, 0.0, 2.9950372208436726, 2.9950372208436726, 4.0, 0.0, 0.0], [0.0, 0.0, 0.0, 1.5040485829959516, 1.5040485829959516, 2.0, 0.0, 0.0], [0.0, 0.0, 0.0, 1.5024244578741557, 1.5024244578741557, 2.0, 1.0, 0.0], [0.0, 0.0, 0.0, 0.0, 0.0, 0.0, 1.0, 0.0], [0.0, 0.0, 0.0, 1.3405442724814454, 1.3405442724814454, 1.8391922213911742, 4.0, 0.0], [0.0, 0.0, 0.0, 2.855408653846154, 2.855408653846154, 3.8484375, 0.0, 0.0], [0.0, 0.0, 0.0, 1.3290099200351735, 1.3290099200351735, 1.8298205600285784, 1.0, 0.0], [0.0, 0.0, 0.0, 0.0, 0.0, 0.0, 1.0, 0.0], [0.0, 0.0, 0.0, 0.0, 0.0, 0.0, 1.0, 0.0], [0.0, 0.0, 0.0, 0.0, 0.0, 0.0, 2.0, 0.0], [0.0, 0.0, 0.0, 0.0, 0.0, 0.0, 1.0, 0.0], [0.0, 0.0, 0.0, 0.0, 0.0, 0.0, 0.0, 0.0], [0.0, 0.0, 0.0, 1.4989716166186755, 1.4989716166186755, 2.0, 0.0, 0.0], [0.0, 0.0, 0.0, 1.491843136266865, 1.491843136266865, 2.0, 1.0, 0.0], [0.0, 0.0, 0.0, 0.0, 0.0, 0.0, 1.0, 0.0], [0.0, 0.0, 0.0, 3.003873824017709, 3.003873824017709, 4.0, 1.0, 0.0], [0.0, 0.0, 0.0, 1.502214384481273, 1.502214384481273, 2.0, 2.0, 0.0], [0.0, 0.0, 0.0, 0.0, 0.0, 0.0, 1.0, 0.0], [0.0, 0.0, 0.0, 2.989346687032347, 2.989346687032347, 4.0, 0.0, 0.0], [0.0, 0.0, 0.0, 3.007488087134105, 3.007488087134105, 4.0, 2.0, 0.0], [0.0, 0.0, 0.0, 0.0, 0.0, 0.0, 1.0, 0.0], [0.0, 0.0, 0.0, 0.0, 0.0, 0.0, 0.0, 0.0], [0.0, 0.0, 0.0, 0.0, 0.0, 0.0, 3.0, 0.0], [0.0, 0.0, 0.0, 0.0, 0.0, 0.0, 1.0, 0.0], [0.0, 0.0, 0.0, 1.5010758601725502, 1.5010758601725502, 2.0, 1.0, 0.0], [0.0, 0.0, 0.0, 4.354835472076852, 4.354835472076852, 5.846039142590866, 1.0, 0.0], [0.0, 0.0, 0.0, 2.8299885753702227, 2.8299885753702227, 3.831044814726994, 4.0, 0.0], [0.0, 0.0, 0.0, 0.0, 0.0, 0.0, 0.0, 0.0], [0.0, 0.0, 0.0, 4.41235813366961, 4.41235813366961, 5.91485986250661, 1.0, 0.0], [0.0, 0.0, 0.0, 0.0, 0.0, 0.0, 2.0, 0.0], [0.0, 0.0, 0.0, 0.0, 0.0, 0.0, 1.0, 0.0], [0.0, 0.0, 0.0, 3.003574284288868, 3.003574284288868, 4.0, 2.0, 0.0], [0.0, 0.0, 0.0, 2.9313909498812283, 2.9313909498812283, 3.9243232939382384, 1.0, 0.0], [0.0, 0.0, 0.0, 1.4069452050381728, 1.4069452050381728, 1.910015140289276, 0.0, 0.0], [0.0, 0.0, 0.0, 1.4196108906219644, 1.4196108906219644, 1.9186811356887126, 1.0, 0.0], [0.0, 0.0, 0.0, 1.5005910821702186, 1.5005910821702186, 2.0, 0.0, 0.0], [0.0, 0.0, 0.0, 2.9959343183298484, 2.9959343183298484, 4.0, 0.0, 0.0], [0.0, 0.0, 0.0, 0.0, 0.0, 0.0, 0.0, 0.0], [0.0, 0.0, 0.0, 0.0, 0.0, 0.0, 2.0, 0.0], [0.0, 0.0, 0.0, 4.405819944635028, 4.405819944635028, 5.9121180412985606, 1.0, 0.0], [0.0, 0.0, 0.0, 0.0, 0.0, 0.0, 2.0, 0.0], [0.0, 0.0, 0.0, 0.0, 0.0, 0.0, 0.0, 0.0], [0.0, 0.0, 0.0, 1.3345989558614142, 1.3345989558614142, 1.834361651637399, 2.0, 0.0], [0.0, 0.0, 0.0, 0.0, 0.0, 0.0, 0.0, 0.0], [0.0, 0.0, 0.0, 1.2384384152921224, 1.2384384152921224, 1.7399799599198393, 0.0, 0.0], [0.0, 0.0, 0.0, 4.5000430650857, 4.5000430650857, 6.0, 1.0, 0.0], [0.0, 0.0, 0.0, 1.4963909294155222, 1.4963909294155222, 2.0, 0.0, 0.0], [0.0, 0.0, 0.0, 0.0, 0.0, 0.0, 1.0, 0.0], [0.0, 0.0, 0.0, 0.0, 0.0, 0.0, 1.0, 0.0], [0.0, 0.0, 0.0, 3.0073227904519793, 3.0073227904519793, 4.0, 1.0, 0.0], [0.0, 0.0, 0.0, 0.0, 0.0, 0.0, 1.0, 0.0], [0.0, 0.0, 0.0, 3.0035810019879063, 3.0035810019879063, 4.0, 2.0, 0.0], [0.0, 0.0, 0.0, 1.1887553285456427, 1.1887553285456427, 1.6864702945581624, 1.0, 0.0], [0.0, 0.0, 0.0, 1.4111691341907169, 1.4111691341907169, 1.9129051970778588, 1.0, 0.0], [0.0, 0.0, 0.0, 1.4182517118487967, 1.4182517118487967, 1.9177511712649662, 2.0, 0.0], [0.0, 0.0, 0.0, 0.0, 0.0, 0.0, 1.0, 0.0], [0.0, 0.0, 0.0, 1.3591167113717173, 1.3591167113717173, 1.8542823279895202, 1.0, 0.0], [0.0, 0.0, 0.0, 2.997725002774387, 2.997725002774387, 4.0, 2.0, 0.0], [0.0, 0.0, 0.0, 2.823692531159904, 2.823692531159904, 3.8267369950041448, 2.0, 0.0], [0.0, 0.0, 0.0, 3.0074686546933247, 3.0074686546933247, 4.0, 3.0, 0.0], [0.0, 0.0, 0.0, 1.3970002343566907, 1.3970002343566907, 1.9032106866651042, 0.0, 0.0], [0.0, 0.0, 0.0, 0.0, 0.0, 0.0, 0.0, 0.0], [0.0, 0.0, 0.0, 0.0, 0.0, 0.0, 1.0, 0.0], [0.0, 0.0, 0.0, 1.4297406222442481, 1.4297406222442481, 1.9256120046934329, 1.0, 0.0], [0.0, 0.0, 0.0, 0.0, 0.0, 0.0, 1.0, 0.0], [0.0, 0.0, 0.0, 0.0, 0.0, 0.0, 0.0, 0.0], [0.0, 0.0, 0.0, 0.0, 0.0, 0.0, 1.0, 0.0], [0.0, 0.0, 0.0, 1.5015204593882048, 1.5015204593882048, 2.0, 1.0, 0.0], [0.0, 0.0, 0.0, 0.0, 0.0, 0.0, 1.0, 0.0], [0.0, 0.0, 0.0, 3.0124897863896347, 3.0124897863896347, 4.0, 1.0, 0.0]],