{"cov": "hku1", "gene": "s1", "window": 3, "clade": "A", "min_seqs": 3, "midfreq_high": 0.75, "midfreq_low": 0.15, "window_midpoint": [2006.5, 2008.5, 2009.5, 2010.5, 2011.5, 2014.5], "adaptive_substitutions": [0.0, 0.0, 3.0576923076923075, 3.0576923076923075, 4.0, 4.652777777777778], "adaptive_substitutions_per_codon": [0.0, 0.0, 0.001362607980255039, 0.001362607980255039, 0.0017825311942959, 0.0020734303822539115], "rate_of_adaptation": 0.0002921617121984769, "bootstrap_adaptive_substitutions": [[0.0, 0.0, 0.75, 0.75, 1.0, 4.777777777777778], [0.0, 0.0, 3.076923076923077, 3.076923076923077, 4.0, 5.75], [0.0, 0.0, 2.2884615384615383, 2.2884615384615383, 3.0, 4.208333333333333], [0.0, 0.0, 2.2884615384615383, 2.2884615384615383, 3.0, 3.75], [0.0, 0.0, 6.153846153846154, 6.153846153846154, 8.0, 4.333333333333334], [0.0, 0.0, 2.25, 2.25, 3.0, 7.652777777777778], [0.0, 0.0, 0.7692307692307693, 0.7692307692307693, 1.0, 2.875], [0.0, 0.0, 3.076923076923077, 3.076923076923077, 4.0, 5.777777777777778], [0.0, 0.0, 2.25, 2.25, 3.0, 6.0], [0.0, 0.0, 1.5192307692307692, 1.5192307692307692, 2.0, 9.666666666666668], [0.0, 0.0, 3.8461538461538463, 3.8461538461538463, 5.0, 6.527777777777778], [0.0, 0.0, 0.0, 0.0, 0.0, 3.875], [0.0, 0.0, 3.0576923076923075, 3.0576923076923075, 4.0, 2.5555555555555554], [0.0, 0.0, 5.384615384615385, 5.384615384615385, 7.0, 1.0], [0.0, 0.0, 2.307692307692308, 2.307692307692308, 3.0, 2.0], [0.0, 0.0, 3.0576923076923075, 3.0576923076923075, 4.0, 4.777777777777778], [0.0, 0.0, 6.923076923076923, 6.923076923076923, 9.0, 5.652777777777778], [0.0, 0.0, 6.096153846153846, 6.096153846153846, 8.0, 2.875], [0.0, 0.0, 2.2884615384615383, 2.2884615384615383, 3.0, 6.111111111111111], [0.0, 0.0, 3.826923076923077, 3.826923076923077, 5.0, 5.555555555555555], [0.0, 0.0, 2.307692307692308, 2.307692307692308, 3.0, 3.875], [0.0, 0.0, 4.576923076923077, 4.576923076923077, 6.0, 1.875], [0.0, 0.0, 2.307692307692308, 2.307692307692308, 3.0, 3.7777777777777777], [0.0, 0.0, 2.25, 2.25, 3.0, 7.652777777777778], [0.0, 0.0, 1.5384615384615385, 1.5384615384615385, 2.0, 4.875], [0.0, 0.0, 1.5384615384615385, 1.5384615384615385, 2.0, 6.555555555555555], [0.0, 0.0, 2.2884615384615383, 2.2884615384615383, 3.0, 5.0], [0.0, 0.0, 0.0, 0.0, 0.0, 0.875], [0.0, 0.0, 3.807692307692308, 3.807692307692308, 5.0, 3.0], [0.0, 0.0, 3.8461538461538463, 3.8461538461538463, 5.0, 3.5555555555555554], [0.0, 0.0, 1.5, 1.5, 2.0, 2.875], [0.0, 0.0, 1.5, 1.5, 2.0, 1.7777777777777777], [0.0, 0.0, 0.7692307692307693, 0.7692307692307693, 1.0, 7.430555555555555], [0.0, 0.0, 0.7692307692307693, 0.7692307692307693, 1.0, 3.6527777777777777], [0.0, 0.0, 6.923076923076923, 6.923076923076923, 9.0, 5.430555555555555], [0.0, 0.0, 5.365384615384616, 5.365384615384616, 7.0, 5.208333333333333], [0.0, 0.0, 0.0, 0.0, 0.0, 5.430555555555555], [0.0, 0.0, 3.0384615384615383, 3.0384615384615383, 4.0, 0.0], [0.0, 0.0, 3.0576923076923075, 3.0576923076923075, 4.0, 2.75], [0.0, 0.0, 0.7692307692307693, 0.7692307692307693, 1.0, 8.208333333333332], [0.0, 0.0, 1.5192307692307692, 1.5192307692307692, 2.0, 9.527777777777779], [0.0, 0.0, 3.057692307692308, 3.057692307692308, 4.0, 5.527777777777778], [0.0, 0.0, 4.596153846153847, 4.596153846153847, 6.0, 5.430555555555555], [0.0, 0.0, 1.5384615384615385, 1.5384615384615385, 2.0, 8.180555555555555], [0.0, 0.0, 3.826923076923077, 3.826923076923077, 5.0, 2.7777777777777777], [0.0, 0.0, 4.576923076923077, 4.576923076923077, 6.0, 4.402777777777778], [0.0, 0.0, 0.75, 0.75, 1.0, 5.208333333333333], [0.0, 0.0, 1.5, 1.5, 2.0, 5.75], [0.0, 0.0, 3.076923076923077, 3.076923076923077, 4.0, 4.527777777777778], [0.0, 0.0, 0.75, 0.75, 1.0, 3.7777777777777777], [0.0, 0.0, 5.365384615384616, 5.365384615384616, 7.0, 3.0], [0.0, 0.0, 2.307692307692308, 2.307692307692308, 3.0, 2.7777777777777777], [0.0, 0.0, 0.0, 0.0, 0.0, 2.7777777777777777], [0.0, 0.0, 3.8269230769230766, 3.8269230769230766, 5.0, 4.333333333333334], [0.0, 0.0, 0.0, 0.0, 0.0, 4.208333333333334], [0.0, 0.0, 3.076923076923077, 3.076923076923077, 4.0, 1.7777777777777777], [0.0, 0.0, 1.5384615384615385, 1.5384615384615385, 2.0, 4.777777777777778], [0.0, 0.0, 2.269230769230769, 2.269230769230769, 3.0, 3.4305555555555554], [0.0, 0.0, 3.8461538461538463, 3.8461538461538463, 5.0, 5.555555555555555], [0.0, 0.0, 1.5, 1.5, 2.0, 1.6527777777777777], [0.0, 0.0, 1.5192307692307692, 1.5192307692307692, 2.0, 3.7777777777777777], [0.0, 0.0, 0.7692307692307693, 0.7692307692307693, 1.0, 4.527777777777778], [0.0, 0.0, 8.442307692307693, 8.442307692307693, 11.0, 6.652777777777778], [0.0, 0.0, 4.596153846153846, 4.596153846153846, 6.0, 1.6527777777777777], [0.0, 0.0, 0.0, 0.0, 0.0, 1.875], [0.0, 0.0, 5.346153846153847, 5.346153846153847, 7.0, 4.75], [0.0, 0.0, 4.596153846153846, 4.596153846153846, 6.0, 4.75], [0.0, 0.0, 0.7692307692307693, 0.7692307692307693, 1.0, 1.7777777777777777], [0.0, 0.0, 3.0384615384615383, 3.0384615384615383, 4.0, 2.75], [0.0, 0.0, 3.057692307692308, 3.057692307692308, 4.0, 3.7777777777777777], [0.0, 0.0, 5.365384615384616, 5.365384615384616, 7.0, 4.625], [0.0, 0.0, 3.0384615384615383, 3.0384615384615383, 4.0, 1.6527777777777777], [0.0, 0.0, 5.365384615384616, 5.365384615384616, 7.0, 4.208333333333333], [0.0, 0.0, 2.307692307692308, 2.307692307692308, 3.0, 3.7777777777777777], [0.0, 0.0, 1.5, 1.5, 2.0, 7.75], [0.0, 0.0, 4.615384615384616, 4.615384615384616, 6.0, 6.527777777777778], [0.0, 0.0, 1.5192307692307692, 1.5192307692307692, 2.0, 4.777777777777778], [0.0, 0.0, 0.0, 0.0, 0.0, 3.6527777777777777], [0.0, 0.0, 2.307692307692308, 2.307692307692308, 3.0, 5.402777777777778], [0.0, 0.0, 3.8269230769230766, 3.8269230769230766, 5.0, 2.75], [0.0, 0.0, 6.134615384615385, 6.134615384615385, 8.0, 4.777777777777778], [0.0, 0.0, 2.25, 2.25, 3.0, 1.6527777777777777], [0.0, 0.0, 2.2884615384615383, 2.2884615384615383, 3.0, 4.75], [0.0, 0.0, 2.307692307692308, 2.307692307692308, 3.0, 5.527777777777778], [0.0, 0.0, 6.903846153846154, 6.903846153846154, 9.0, 6.652777777777778], [0.0, 0.0, 2.269230769230769, 2.269230769230769, 3.0, 1.7777777777777777], [0.0, 0.0, 0.75, 0.75, 1.0, 3.75], [0.0, 0.0, 6.884615384615385, 6.884615384615385, 9.0, 1.75], [0.0, 0.0, 2.2884615384615383, 2.2884615384615383, 3.0, 5.083333333333333], [0.0, 0.0, 0.7692307692307693, 0.7692307692307693, 1.0, 3.6527777777777777], [0.0, 0.0, 3.8076923076923075, 3.8076923076923075, 5.0, 3.0], [0.0, 0.0, 1.5192307692307692, 1.5192307692307692, 2.0, 4.652777777777778], [0.0, 0.0, 2.2884615384615383, 2.2884615384615383, 3.0, 1.7777777777777777], [0.0, 0.0, 0.7692307692307693, 0.7692307692307693, 1.0, 4.0], [0.0, 0.0, 2.307692307692308, 2.307692307692308, 3.0, 4.652777777777778], [0.0, 0.0, 2.2884615384615383, 2.2884615384615383, 3.0, 9.208333333333334], [0.0, 0.0, 3.0384615384615383, 3.0384615384615383, 4.0, 2.6527777777777777], [0.0, 0.0, 0.7692307692307693, 0.7692307692307693, 1.0, 7.625], [0.0, 0.0, 1.5384615384615385, 1.5384615384615385, 2.0, 2.875], [0.0, 0.0, 2.2884615384615383, 2.2884615384615383, 3.0, 7.75]],