{"cov": "hku1", "gene": "spike", "window": 3, "clade": null, "min_seqs": 3, "midfreq_high": 0.75, "midfreq_low": 0.15, "window_midpoint": [2006.5, 2007.5, 2008.5, 2009.5, 2010.5, 2011.5, 2014.5, 2015.5], "adaptive_substitutions": [0.0, 0.0, 0.0, 1.370448794397999, 1.370448794397999, 1.834487242445411, 0.8344872424454111, 0.0], "adaptive_substitutions_per_codon": [0.0, 0.0, 0.0, 0.00033663689373569127, 0.00033663689373569127, 0.00045062324796006165, 0.0002049833560416141, 0.0], "rate_of_adaptation": 1.2971108033205928e-05, "bootstrap_adaptive_substitutions": [[0.0, 0.0, 0.0, 1.3022754252705155, 1.3022754252705155, 1.7644909971117013, 0.0, 0.0], [0.0, 0.0, 0.0, 2.847549492037949, 2.847549492037949, 3.7703162715850715, 0.7703162715850714, 0.0], [0.0, 0.0, 0.0, 1.2913000087839146, 1.2913000087839146, 1.7548875076859252, 0.9182958358953084, 0.0], [0.0, 0.0, 0.0, 2.990824934268186, 2.990824934268186, 3.9181365030674846, 0.6725460122699385, 0.0], [0.0, 0.0, 0.0, 0.0, 0.0, 0.0, 0.0, 0.0], [0.0, 0.0, 0.0, 0.0, 0.0, 0.0, 0.0, 0.0], [0.0, 0.0, 0.0, 1.213470882225776, 1.213470882225776, 1.6867870219475543, 0.7911913479650361, 0.0], [0.0, 0.0, 0.0, 1.1599741841344666, 1.1599741841344666, 1.628363779218228, 0.814181889609114, 0.0], [0.0, 0.0, 0.0, 2.7765885315305923, 2.7765885315305923, 3.715124413412683, 0.0, 0.0], [0.0, 0.0, 0.0, 1.3007243839329483, 1.3007243839329483, 1.7631338359413298, 2.0, 0.0], [0.0, 0.0, 0.0, 1.4521420854188256, 1.4521420854188256, 1.916499459793178, 0.7494983793795337, 0.0], [0.0, 0.0, 0.0, 0.0, 0.0, 0.0, 0.0, 0.0], [0.0, 0.0, 0.0, 0.0, 0.0, 0.0, 1.8375873288978, 0.0], [0.0, 0.0, 0.0, 4.526213781494963, 4.526213781494963, 5.917718529404047, 0.0, 0.0], [0.0, 0.0, 0.0, 2.8605552673964674, 2.8605552673964674, 3.780431874641697, 0.0, 0.0], [0.0, 0.0, 0.0, 2.773465656829459, 2.773465656829459, 3.6957952468007313, 0.7718464351005483, 0.0], [0.0, 0.0, 0.0, 1.4042489302604908, 1.4042489302604908, 1.862322648449816, 0.0, 0.0], [0.0, 0.0, 0.0, 1.3760663715516988, 1.3760663715516988, 1.8391134824543403, 1.0, 0.0], [0.0, 0.0, 0.0, 0.0, 0.0, 0.0, 0.0, 0.0], [0.0, 0.0, 0.0, 0.0, 0.0, 0.0, 0.0, 0.0], [0.0, 0.0, 0.0, 2.8587657752263373, 2.8587657752263373, 3.7790400473982624, 0.0, 0.0], [0.0, 0.0, 0.0, 0.0, 0.0, 0.0, 0.0, 0.0], [0.0, 0.0, 0.0, 2.7395194531014373, 2.7395194531014373, 3.6678395496129483, 0.8339197748064742, 0.0], [0.0, 0.0, 0.0, 2.900975802668972, 2.900975802668972, 3.8306830618682803, 0.0, 0.0], [0.0, 0.0, 0.0, 1.4523575373110134, 1.4523575373110134, 1.9166502761177093, 0.749950828353128, 0.0], [0.0, 0.0, 0.0, 1.245232179160347, 1.245232179160347, 1.7145781567653036, 0.7145781567653036, 0.0], [0.0, 0.0, 0.0, 2.5610996635279992, 2.5610996635279992, 3.5033777615482924, 0.0, 0.0], [0.0, 0.0, 0.0, 0.0, 0.0, 0.0, 1.0, 0.0], [0.0, 0.0, 0.0, 0.0, 0.0, 0.0, 0.9256055363321799, 0.0], [0.0, 0.0, 0.0, 0.0, 0.0, 0.0, 0.0, 0.0], [0.0, 0.0, 0.0, 0.0, 0.0, 0.0, 2.8464763121000543, 0.0], [0.0, 0.0, 0.0, 1.3517687791660393, 1.3517687791660393, 1.8077976817702843, 0.9359325605900948, 0.0], [0.0, 0.0, 0.0, 1.461757584389688, 1.461757584389688, 1.9232303090727816, 0.0, 0.0], [0.0, 0.0, 0.0, 4.596302680495449, 4.596302680495449, 6.0, 0.0, 0.0], [0.0, 0.0, 0.0, 2.864289059977094, 2.864289059977094, 3.78333593553774, 0.7833359355377398, 0.0], [0.0, 0.0, 0.0, 1.2824994137335577, 1.2824994137335577, 1.747186987016863, 2.915728995672288, 0.0], [0.0, 0.0, 0.0, 0.0, 0.0, 0.0, 1.8047146069423554, 0.0], [0.0, 0.0, 0.0, 0.0, 0.0, 0.0, 0.0, 0.0], [0.0, 0.0, 0.0, 2.984755427242641, 2.984755427242641, 3.914868306976807, 0.8297366139536133, 0.0], [0.0, 0.0, 0.0, 1.4539532108071243, 1.4539532108071243, 1.917767247564987, 0.0, 0.0], [0.0, 0.0, 0.0, 1.4390448261416002, 1.4390448261416002, 1.9073313782991201, 0.0, 0.0], [0.0, 0.0, 0.0, 4.520408163265306, 4.520408163265306, 5.915178571428571, 0.6607142857142856, 0.0], [0.0, 0.0, 0.0, 1.1113021577507078, 1.1113021577507078, 1.5761993558230205, 1.8304797423292083, 0.0], [0.0, 0.0, 0.0, 0.0, 0.0, 0.0, 0.931204192189215, 0.0], [0.0, 0.0, 0.0, 1.44200999944516, 1.44200999944516, 1.909406999611612, 0.0, 0.0], [0.0, 0.0, 0.0, 0.0, 0.0, 0.0, 0.0, 0.0], [0.0, 0.0, 0.0, 0.0, 0.0, 0.0, 3.72243619504731, 0.0], [0.0, 0.0, 0.0, 0.0, 0.0, 0.0, 1.7777941097867336, 0.0], [0.0, 0.0, 0.0, 2.8989225784357626, 2.8989225784357626, 3.829245804905034, 1.0, 0.0], [0.0, 0.0, 0.0, 4.520042226845096, 4.520042226845096, 5.91501847424473, 0.0, 0.0], [0.0, 0.0, 0.0, 5.838644540678331, 5.838644540678331, 7.715501071340756, 1.8103340475605043, 0.0], [0.0, 0.0, 0.0, 2.7959198076351113, 2.7959198076351113, 3.730159850382864, 2.8201065669219094, 0.0], [0.0, 0.0, 0.0, 1.1209247184350914, 1.1209247184350914, 1.5850622406639001, 0.4190871369294602, 0.0], [0.0, 0.0, 0.0, 0.0, 0.0, 0.0, 0.6768063157466375, 0.0], [0.0, 0.0, 0.0, 2.9048618304479406, 2.9048618304479406, 3.8334032813135583, 0.0, 0.0], [0.0, 0.0, 0.0, 3.008983347940403, 3.008983347940403, 3.9279141104294477, 0.8558282208588956, 0.0], [0.0, 0.0, 0.0, 1.225140712945591, 1.225140712945591, 1.6810506566604126, 3.0, 0.0], [0.0, 0.0, 0.0, 1.3515629963930496, 1.3515629963930496, 1.818934232323688, 1.818934232323688, 0.0], [0.0, 0.0, 0.0, 1.3631579865451817, 1.3631579865451817, 1.828483047743091, 0.0, 0.0], [0.0, 0.0, 0.0, 0.0, 0.0, 0.0, 0.0, 0.0], [0.0, 0.0, 0.0, 0.0, 0.0, 0.0, 0.9319620253164557, 0.0], [0.0, 0.0, 0.0, 0.0, 0.0, 0.0, 3.821825548924054, 0.0], [0.0, 0.0, 0.0, 1.1435028540434433, 1.1435028540434433, 1.605857891882119, 0.0, 0.0], [0.0, 0.0, 0.0, 0.0, 0.0, 0.0, 0.8520649966147595, 0.0], [0.0, 0.0, 0.0, 0.0, 0.0, 0.0, 0.542926015204895, 0.0], [0.0, 0.0, 0.0, 1.3067645662916327, 1.3067645662916327, 1.7684189955051788, 1.7684189955051788, 0.0], [0.0, 0.0, 0.0, 0.0, 0.0, 0.0, 0.9313627254509018, 0.0], [0.0, 0.0, 0.0, 2.9119687172955384, 2.9119687172955384, 3.8383781021068772, 0.0, 0.0], [0.0, 0.0, 0.0, 1.4512142203633511, 1.4512142203633511, 1.9158499542543457, 1.9158499542543457, 0.0], [0.0, 0.0, 0.0, 0.0, 0.0, 0.0, 2.9023618771651734, 0.0], [0.0, 0.0, 0.0, 1.3827111708680373, 1.3827111708680373, 1.844585670126619, 1.689171340253238, 0.0], [0.0, 0.0, 0.0, 0.0, 0.0, 0.0, 1.9216832261835184, 0.0], [0.0, 0.0, 0.0, 0.0, 0.0, 0.0, 0.5022561610551886, 0.0], [0.0, 0.0, 0.0, 0.0, 0.0, 0.0, 1.9070009883429684, 0.0], [0.0, 0.0, 0.0, 2.9859445367835193, 2.9859445367835193, 3.9155085967295875, 0.9155085967295874, 0.0], [0.0, 0.0, 0.0, 4.414582382473756, 4.414582382473756, 5.817571884984026, 1.8175718849840254, 0.0], [0.0, 0.0, 0.0, 0.0, 0.0, 0.0, 0.9170630905999095, 0.0], [0.0, 0.0, 0.0, 2.8988114377976655, 2.8988114377976655, 3.829168006458366, 2.0, 0.0], [0.0, 0.0, 0.0, 0.0, 0.0, 0.0, 0.0, 0.0], [0.0, 0.0, 0.0, 0.0, 0.0, 0.0, 0.0, 0.0], [0.0, 0.0, 0.0, 1.3127790014169272, 1.3127790014169272, 1.7736816262398114, 1.6982421683197484, 0.0], [0.0, 0.0, 0.0, 3.075430111979278, 3.075430111979278, 4.0, 0.0, 0.0], [0.0, 0.0, 0.0, 1.1952654871637474, 1.1952654871637474, 1.6602397948575782, 2.8301198974287893, 0.0], [0.0, 0.0, 0.0, 4.377749597619861, 4.377749597619861, 5.764424718333903, 0.9214749061113008, 0.0], [0.0, 0.0, 0.0, 1.5317460317460316, 1.5317460317460316, 2.0, 0.0, 0.0], [0.0, 0.0, 0.0, 2.83342919110882, 2.83342919110882, 3.75933381530686, 1.0, 0.0], [0.0, 0.0, 0.0, 1.2946066695571847, 1.2946066695571847, 1.7577808358625369, 0.9192602786208456, 0.0], [0.0, 0.0, 0.0, 2.8967371175282857, 2.8967371175282857, 3.8277159822698, 1.0, 0.0], [0.0, 0.0, 0.0, 1.382547784111734, 1.382547784111734, 1.8444511163273103, 2.9222255581636554, 0.0], [0.0, 0.0, 0.0, 6.144898451592642, 6.144898451592642, 8.0, 1.8357148601914157, 0.0], [0.0, 0.0, 0.0, 0.0, 0.0, 0.0, 0.8410824243339534, 0.0], [0.0, 0.0, 0.0, 0.0, 0.0, 0.0, 0.8546934457781761, 0.0], [0.0, 0.0, 0.0, 0.0, 0.0, 0.0, 0.0, 0.0], [0.0, 0.0, 0.0, 1.2527523854006801, 1.2527523854006801, 1.7211583372255952, 0.9070527790751984, 0.0], [0.0, 0.0, 0.0, 2.626478438087044, 2.626478438087044, 3.559188910562111, 1.9118377821124222, 0.0], [0.0, 0.0, 0.0, 0.0, 0.0, 0.0, 1.0, 0.0], 