{"virus": "measles", "gene": "F", "window": 3, "min_seqs": 3, "midfreq_high": 0.75, "midfreq_low": 0.15, "window_midpoint": [1996.5, 1997.5, 1998.5, 2003.5, 2004.5, 2005.5, 2006.5, 2007.5, 2008.5, 2009.5, 2010.5, 2011.5, 2012.5, 2013.5, 2014.5, 2015.5, 2016.5], "adaptive_substitutions": [0.0, 0.0, 0.0, 0.7823240589198036, 0.0, 0.0, 0.0, 0.0, 0.0, 0.0, 0.6923076923076923, 0.6223404255319149, 1.4479638009049773, 0.0, 0.0, 0.0, 1.379705400981997], "adaptive_substitutions_per_codon": [0.0, 0.0, 0.0, 0.00047327529275245227, 0.0, 0.0, 0.0, 0.0, 0.0, 0.0, 0.0004188189306156638, 0.000376491485500251, 0.0008759611620719766, 0.0, 0.0, 0.0, 0.0008346675142056847], "rate_of_adaptation": 1.9308411992747198e-05}