{"cov": "nl63", "gene": "nucleocapsid", "window": 3, "clade": null, "min_seqs": 2, "midfreq_high": 0.75, "midfreq_low": 0.15, "window_midpoint": [1988.5, 1989.5, 1990.5, 1991.5, 2000.5, 2001.5, 2002.5, 2003.5, 2004.5, 2005.5, 2006.5, 2007.5, 2008.5, 2009.5, 2010.5, 2011.5, 2012.5, 2013.5, 2014.5, 2015.5, 2016.5, 2017.5], "adaptive_substitutions": [0.0, 0.0, 0.0, 0.0, 0.0, 0.0, 0.0, 0.0, 0.0, 0.0, 0.0, 1.0, 1.0, 0.9716550116550117, 0.9557818181818182, 0.0, 0.0, 0.0, 0.778909090909091, 0.7894372294372295, 0.8157575757575758, 0.8299300699300699], "adaptive_substitutions_per_codon": [0.0, 0.0, 0.0, 0.0, 0.0, 0.0, 0.0, 0.0, 0.0, 0.0, 0.0, 0.0008818342151675485, 0.0008818342151675485, 0.0008568386346164124, 0.0008428411095077762, 0.0, 0.0, 0.0, 0.0006868686868686869, 0.0006961527596448232, 0.0007193629415851639, 0.0007318607318607318], "rate_of_adaptation": 2.4897830974750824e-05}