{"cov": "oc43", "gene": "s1", "window": 3, "clade": "A", "min_seqs": 2, "midfreq_high": 0.75, "midfreq_low": 0.15, "window_midpoint": [1991.5, 1992.5, 1995.5, 1996.5, 1997.5, 1998.5, 1999.5, 2000.5, 2001.5, 2002.5, 2003.5, 2004.5, 2005.5, 2006.5, 2007.5, 2008.5, 2009.5, 2010.5, 2011.5, 2012.5, 2013.5, 2014.5, 2015.5, 2016.5, 2017.5], "adaptive_substitutions": [0.0, 0.0, 5.0, 5.715034965034965, 5.972027972027972, 5.472027972027972, 8.332167832167832, 9.86013986013986, 6.472027972027972, 6.472027972027972, 15.08041958041958, 17.379370629370626, 17.465034965034963, 22.09265734265734, 22.284862196626904, 20.94869084403968, 24.409993232573875, 22.46890946890947, 21.97878787878788, 22.90201262152482, 22.971291866028707, 31.394552815605447, 31.454545454545453, 33.37246963562753, 38.35583647122109], "adaptive_substitutions_per_codon": [0.0, 0.0, 0.002213368747233289, 0.002529895956190777, 0.002643660014177942, 0.0024223231394546133, 0.0036884319752845647, 0.004364825081956556, 0.002864996888901271, 0.002864996888901271, 0.00667570587889313, 0.007693391159526617, 0.007731312512189005, 0.00977983946111436, 0.009864923504482915, 0.009273435521929916, 0.010805663228231021, 0.009946396400579668, 0.009729432438595786, 0.010138119797045072, 0.01016878789996844, 0.013897544407085191, 0.013924101573503963, 0.014773116261897978, 0.016979121943878305], "rate_of_adaptation": 0.0006096243803658453}