{"cov": "oc43", "gene": "replicase1ab", "window": 3, "clade": "B", "min_seqs": 2, "midfreq_high": 0.75, "midfreq_low": 0.15, "window_midpoint": [1984.5, 1986.5, 1987.5, 1988.5, 1989.5, 1990.5, 1991.5, 1992.5, 1993.5], "adaptive_substitutions": [0.0, 0.0, 0.0, 0.0, 6.125553914327917, 6.125553914327917, 3.2895125553914326, 5.797636632200886, 5.797636632200886], "adaptive_substitutions_per_codon": [0.0, 0.0, 0.0, 0.0, 0.0002877468016877075, 0.0002877468016877075, 0.00015452426509730518, 0.0002723429458944422, 0.0002723429458944422], "rate_of_adaptation": 3.8392689255729546e-05}