{"cov": "oc43", "gene": "envelope", "window": 3, "clade": null, "min_seqs": 2, "midfreq_high": 0.75, "midfreq_low": 0.15, "window_midpoint": [1984.5, 1986.5, 1987.5, 1988.5, 1989.5, 1990.5, 1991.5, 1992.5, 1993.5, 1994.5, 1995.5, 1996.5, 1997.5, 1998.5, 1999.5, 2000.5, 2001.5, 2003.5, 2004.5, 2005.5, 2010.5, 2011.5, 2012.5, 2014.5, 2015.5, 2016.5, 2017.5], "adaptive_substitutions": [0.0, 0.0, 0.0, 0.0, 0.0, 0.0, 0.0, 0.0, 0.0, 0.0, 0.0, 0.0, 0.0, 0.0, 0.5111111111111111, 1.449074074074074, 1.0, 0.7592592592592593, 0.7592592592592593, 0.7592592592592593, 1.0, 1.0, 1.0, 0.6041666666666666, 0.5938271604938272, 0.5524691358024691, 0.5336700336700337], "adaptive_substitutions_per_codon": [0.0, 0.0, 0.0, 0.0, 0.0, 0.0, 0.0, 0.0, 0.0, 0.0, 0.0, 0.0, 0.0, 0.0, 0.0020043572984749453, 0.005682643427741467, 0.00392156862745098, 0.0029774872912127818, 0.0029774872912127818, 0.0029774872912127818, 0.00392156862745098, 0.00392156862745098, 0.00392156862745098, 0.002369281045751634, 0.0023287339627208912, 0.0021665456305979183, 0.002092823661451113], "rate_of_adaptation": 0.00012289451844122609}