{"cov": "oc43", "gene": "replicase1ab", "window": 3, "clade": null, "min_seqs": 2, "midfreq_high": 0.75, "midfreq_low": 0.15, "window_midpoint": [1984.5, 1986.5, 1987.5, 1988.5, 1989.5, 1990.5, 1991.5, 1992.5, 1993.5, 1994.5, 1995.5, 1996.5, 1997.5, 1998.5, 1999.5, 2000.5, 2001.5, 2003.5, 2004.5, 2005.5, 2010.5, 2011.5, 2012.5, 2014.5, 2015.5, 2016.5, 2017.5], "adaptive_substitutions": [0.0, 0.0, 0.0, 0.0, 4.454603815113719, 0.0, 0.0, 21.884671821208894, 3.557937454145268, 2.0248532648569335, 0, 0, 29.985888206162876, 31.492067131327953, 33.029301173881144, 36.37642149669846, 31.34331438004402, 38.57063921496699, 38.57063921496699, 38.57063921496699, 30.68628484959648, 30.68628484959648, 30.68628484959648, 49.812534391049155, 45.623074101247255, 44.94263573000734, 44.76343543653705], "adaptive_substitutions_per_codon": [0.0, 0.0, 0.0, 0.0, 0.0002092542190489346, 0.0, 0.0, 0.001028028552292789, 0.00016713347680126213, 9.51171206715959e-05, 0.0, 0.0, 0.0014085817458738667, 0.001479334232024049, 0.001551545526770065, 0.0017087759064589657, 0.0014723465980854952, 0.0018118488920972843, 0.0018118488920972843, 0.0018118488920972843, 0.0014414827531753324, 0.0014414827531753324, 0.0014414827531753324, 0.002339934911266871, 0.002143135761990194, 0.0021111722909623893, 0.0021027543891646494], "rate_of_adaptation": 7.461645716805255e-05}