{"cov": "oc43", "gene": "he", "window": 3, "clade": null, "min_seqs": 2, "midfreq_high": 0.75, "midfreq_low": 0.15, "window_midpoint": [1984.5, 1986.5, 1987.5, 1988.5, 1989.5, 1990.5, 1991.5, 1992.5, 1993.5, 1994.5, 1995.5, 1996.5, 1997.5, 1998.5, 1999.5, 2000.5, 2001.5, 2003.5, 2004.5, 2005.5, 2010.5, 2011.5, 2012.5, 2014.5, 2015.5, 2016.5, 2017.5], "adaptive_substitutions": [0.0, 0.0, 0.0, 0.0, 2.0562785292579937, 0.5, 0.5, 8.553652710792138, 1.0040667270762142, 1.0595319109189651, 0.5, 0.5, 0.39069632314498415, 0.39069632314498415, 9.304166317916769, 8.5284670895335, 0.3360444847174762, 14.469748524029779, 14.469748524029779, 14.469748524029779, 12.297659554594826, 12.297659554594826, 12.297659554594826, 17.07250601366129, 16.789744650378733, 16.58020951141723, 16.54099170465973], "adaptive_substitutions_per_codon": [0.0, 0.0, 0.0, 0.0, 0.0016127674739278381, 0.000392156862745098, 0.000392156862745098, 0.006708747224150696, 0.0007875033153538936, 0.0008310054203286002, 0.000392156862745098, 0.000392156862745098, 0.00030642848874116405, 0.00030642848874116405, 0.007297385347385701, 0.006688993795712549, 0.00026356430173919704, 0.011348822371788062, 0.011348822371788062, 0.011348822371788062, 0.009645223180074373, 0.009645223180074373, 0.009645223180074373, 0.013390200795028463, 0.013168427176767633, 0.013004085891307632, 0.012973326827184103], "rate_of_adaptation": 0.00046658943988289975}