{"cov": "oc43", "gene": "spike", "window": 3, "clade": "A", "min_seqs": 2, "midfreq_high": 0.75, "midfreq_low": 0.15, "window_midpoint": [1990.5, 1991.5, 1992.5, 1995.5, 1996.5, 1997.5, 1998.5, 1999.5, 2000.5, 2001.5, 2002.5, 2003.5, 2004.5, 2005.5, 2006.5, 2007.5, 2008.5, 2009.5, 2010.5, 2011.5, 2012.5, 2013.5, 2014.5, 2015.5, 2016.5, 2017.5], "adaptive_substitutions": [0.0, 0.0, 0.0, 4.972027972027972, 5.687062937062937, 5.972027972027972, 5.472027972027972, 8.304195804195803, 9.832167832167832, 6.444055944055944, 6.444055944055944, 16.44055944055944, 19.23951048951049, 19.325174825174823, 23.924825174825173, 24.117030028794733, 22.780858676207515, 26.24216106474171, 24.301077301077303, 23.81095571095571, 24.73418045369265, 24.80345969819654, 33.170776591829224, 33.25874125874126, 35.148693411851305, 40.13206024744486], "adaptive_substitutions_per_codon": [0.0, 0.0, 0.0, 0.001216844829179631, 0.0013918411495504005, 0.0014615829593803162, 0.0013392138942799735, 0.002032353353939257, 0.00240630637106408, 0.0015771062026568635, 0.0015771062026568635, 0.004023631776935741, 0.004708641823179268, 0.004729607152514641, 0.0058553169786649956, 0.0059023568352410015, 0.005575344756781085, 0.006422457431410109, 0.005947400220527975, 0.005827448778990629, 0.0060533970762830765, 0.0060703523490446745, 0.008118153840388944, 0.008139682148492722, 0.008602225504613634, 0.009821845386060906], "rate_of_adaptation": 0.0003527899950312162}