{"cov": "229e", "gene": "s2", "window": 3, "clade": null, "min_seqs": 3, "midfreq_high": 0.75, "midfreq_low": 0.15, "window_midpoint": [1992.5, 1993.5, 1994.5, 2006.5, 2007.5, 2008.5, 2009.5, 2010.5, 2011.5, 2012.5, 2014.5, 2015.5, 2016.5, 2017.5], "adaptive_substitutions": [0.0, 0.0, 0.0, 0.7107142857142857, 0.5285714285714286, 0.9357142857142857, 0.9496894409937888, 0.7965714285714285, 0.2142857142857143, 0.8257142857142857, 0.0, 0.4514285714285715, 0.4514285714285715, 0.43956043956043966], "adaptive_substitutions_per_codon": [0.0, 0.0, 0.0, 0.001157515123313169, 0.0008608655188459749, 0.0015239646347138204, 0.0015467254739312522, 0.0012973476035365284, 0.0003489995346672871, 0.0013448115402512797, 0.0, 0.0007352256863657516, 0.0007352256863657516, 0.0007158964813687943], "rate_of_adaptation": 3.278099242484748e-05}