{"cov": "229e", "gene": "s1", "window": 3, "clade": null, "min_seqs": 3, "midfreq_high": 0.75, "midfreq_low": 0.15, "window_midpoint": [1992.5, 1993.5, 1994.5, 2006.5, 2007.5, 2008.5, 2009.5, 2010.5, 2011.5, 2012.5, 2013.5, 2014.5, 2015.5, 2016.5, 2017.5], "adaptive_substitutions": [0.0, 0.0, 0.0, 8.751428571428571, 9.214285714285714, 9.056493506493506, 9.080769230769231, 9.080769230769231, 12.708035714285714, 16.005194805194805, 14.9, 17.168571428571425, 17.900000000000002, 17.900000000000002, 17.81098901098901], "adaptive_substitutions_per_codon": [0.0, 0.0, 0.0, 0.01605766710353866, 0.016906946264744427, 0.016617419277969735, 0.01666196189131969, 0.01666196189131969, 0.023317496723460025, 0.02936732991778863, 0.027339449541284404, 0.031501965923984264, 0.03284403669724771, 0.03284403669724771, 0.03268071378163121], "rate_of_adaptation": 0.0014067069846126897}