{"cov": "229e", "gene": "spike", "window": 3, "clade": null, "min_seqs": 3, "midfreq_high": 0.75, "midfreq_low": 0.15, "window_midpoint": [1992.5, 1993.5, 1994.5, 2006.5, 2007.5, 2008.5, 2009.5, 2010.5, 2011.5, 2012.5, 2014.5, 2015.5, 2016.5, 2017.5], "adaptive_substitutions": [0.0, 0.0, 0.0, 8.875, 10.511428571428572, 9.32857142857143, 9.38447204968944, 9.243428571428572, 12.85, 16.725714285714286, 18.3, 17.722857142857144, 17.722857142857144, 17.621978021978023], "adaptive_substitutions_per_codon": [0.0, 0.0, 0.0, 0.007559625212947189, 0.008953516670722805, 0.007945972256023363, 0.007993587776566814, 0.007873448527622293, 0.01094548551959114, 0.01424677537113653, 0.015587734241908008, 0.015096130445363837, 0.015096130445363837, 0.015010202744444654], "rate_of_adaptation": 0.0006578931233038266}