{"cov": "229e", "gene": "replicase1ab", "window": 3, "clade": null, "min_seqs": 2, "midfreq_high": 0.75, "midfreq_low": 0.15, "window_midpoint": [1992.5, 1993.5, 1994.5, 2009.5, 2010.5, 2014.5, 2015.5, 2016.5, 2017.5], "adaptive_substitutions": [0.0, 0.0, 0.0, 4.9045004251482895, 4.9045004251482895, 12.056201530533842, 11.553954903547684, 11.553954903547684, 11.487922084779061], "adaptive_substitutions_per_codon": [0.0, 0.0, 0.0, 0.0002418750517901213, 0.0002418750517901213, 0.0005945752098699928, 0.0005698059330052613, 0.0005698059330052613, 0.0005665493951165883], "rate_of_adaptation": 2.4164909298908102e-05}