{"cov": "229e", "gene": "spike", "window": 3, "clade": null, "min_seqs": 2, "midfreq_high": 0.75, "midfreq_low": 0.15, "window_midpoint": [1992.5, 1993.5, 1994.5, 2004.5, 2005.5, 2006.5, 2007.5, 2008.5, 2009.5, 2010.5, 2011.5, 2012.5, 2014.5, 2015.5, 2016.5, 2017.5], "adaptive_substitutions": [0.0, 0.0, 0.0, 6.742857142857143, 6.742857142857143, 8.875, 10.511428571428572, 9.32857142857143, 9.38447204968944, 9.243428571428572, 12.85, 16.725714285714286, 18.3, 17.722857142857144, 17.722857142857144, 17.621978021978023], "adaptive_substitutions_per_codon": [0.0, 0.0, 0.0, 0.0019144966334063438, 0.0019144966334063438, 0.002519875070982396, 0.0029845055569076013, 0.0026486574186744545, 0.002664529258855605, 0.002624482842540764, 0.003648495173197047, 0.004748925123712177, 0.0051959114139693355, 0.005032043481787945, 0.005032043481787945, 0.005003400914814884], "rate_of_adaptation": 0.00022160613821569573}