{"cov": "229e", "gene": "rdrp", "window": 3, "clade": null, "min_seqs": 3, "midfreq_high": 0.75, "midfreq_low": 0.15, "window_midpoint": [1992.5, 1993.5, 1994.5, 2006.5, 2007.5, 2008.5, 2009.5, 2010.5, 2011.5, 2012.5, 2014.5, 2015.5, 2016.5, 2017.5], "adaptive_substitutions": [0.0, 0.0, 0.0, 0.0, 0.0, 0, 0, 0, 0.7068965517241379, 0.7931034482758621, 0.6896551724137931, 0.7931034482758621, 0.7931034482758621, 0.7824933687002653], "adaptive_substitutions_per_codon": [0.0, 0.0, 0.0, 0.0, 0.0, 0.0, 0.0, 0.0, 0.0007625637019677863, 0.000855559275378492, 0.0007439645872856453, 0.000855559275378492, 0.000855559275378492, 0.0008441136663433282], "rate_of_adaptation": 3.564434229491293e-05}