{"virus": "h3n2", "gene": "pb1", "window": 3, "min_seqs": 3, "midfreq_high": 0.75, "midfreq_low": 0.15, "window_midpoint": [2007.5, 2008.5, 2009.5, 2010.5, 2011.5, 2012.5, 2013.5, 2014.5, 2015.5, 2016.5, 2017.5, 2018.5], "adaptive_substitutions": [0.0, 0.0, 0.0, 0.0, 0.0, 0.7412532213742205, 0.9150158528611803, 1.0768660405279913, 1.0238789750035784, 0.9742985000519983, 0.965389285856347, 0.931463880393392], "adaptive_substitutions_per_codon": [0.0, 0.0, 0.0, 0.0, 0.0, 0.00032596887483474956, 0.0004023816415396571, 0.00047355586654704984, 0.0004502546064219782, 0.0004284514072348277, 0.00042453354699047803, 0.00040961472312814074], "rate_of_adaptation": 5.270656337910347e-05}