{"virus": "h3n2", "gene": "pa", "window": 3, "min_seqs": 3, "midfreq_high": 0.75, "midfreq_low": 0.15, "window_midpoint": [2007.5, 2008.5, 2009.5, 2010.5, 2011.5, 2012.5, 2013.5, 2014.5, 2015.5, 2016.5, 2017.5, 2018.5], "adaptive_substitutions": [0.0, 0.0, 0.0, 0.0, 0.0, 0.0, 0.7277670941645297, 1.4020817767881204, 2.8777471620317225, 3.9155174082925894, 4.081284724403257, 3.580379617279561], "adaptive_substitutions_per_codon": [0.0, 0.0, 0.0, 0.0, 0.0, 0.0, 0.00033833895591098544, 0.0006518278832115855, 0.0013378647894150266, 0.0018203242251476474, 0.0018973894581140198, 0.001664518650525133], "rate_of_adaptation": 0.00019969100142467496}