{"virus": "h3n2", "gene": "ha1", "window": 3, "min_seqs": 3, "midfreq_high": 0.75, "midfreq_low": 0.15, "window_midpoint": [2007.5, 2008.5, 2009.5, 2010.5, 2011.5, 2012.5, 2013.5, 2014.5, 2015.5, 2016.5, 2017.5, 2018.5], "adaptive_substitutions": [0.0, 0.0, 0.0, 1.7337765917215355, 2.642066577037217, 2.9849875668116788, 8.935627757439285, 9.992394148686616, 10.729849624555314, 14.201355523750156, 12.477042072673338, 12.41394453126183], "adaptive_substitutions_per_codon": [0.0, 0.0, 0.0, 0.0017566125549356997, 0.002676865832864455, 0.003024303512473839, 0.009053320929523085, 0.010124006229672357, 0.010871174898232335, 0.014388404785967736, 0.012641380012840263, 0.012577451399454742], "rate_of_adaptation": 0.0014922603822912406}