{"virus": "h3n2", "gene": "ha", "window": 3, "min_seqs": 3, "midfreq_high": 0.75, "midfreq_low": 0.15, "window_midpoint": [2007.5, 2008.5, 2009.5, 2010.5, 2011.5, 2012.5, 2013.5, 2014.5, 2015.5, 2016.5, 2017.5, 2018.5], "adaptive_substitutions": [0.0, 0.0, 0.0, 1.734272352258367, 2.5850610449093874, 2.927982034683849, 8.878622225311457, 9.935388616558788, 10.672844092427484, 14.144349991622327, 12.420036540545507, 12.356938999134002], "adaptive_substitutions_per_codon": [0.0, 0.0, 0.0, 0.0010195604657603568, 0.001519730185131915, 0.0017213298263867426, 0.0052196485745511206, 0.005840910415378476, 0.006274452729234265, 0.008315314515944932, 0.007301608783389481, 0.00726451440278307], "rate_of_adaptation": 0.0008621246847867386}