{"virus": "h3n2", "gene": "pb2", "window": 3, "min_seqs": 3, "midfreq_high": 0.75, "midfreq_low": 0.15, "window_midpoint": [2007.5, 2008.5, 2009.5, 2010.5, 2011.5, 2012.5, 2013.5, 2014.5, 2015.5, 2016.5, 2017.5, 2018.5], "adaptive_substitutions": [0.0, 0.0, 0.0, 0.0, 0.0, 0.5534774672642286, 2.3207924913687084, 1.3276907597143464, 1.2570183726699014, 1.9527252758734057, 1.976600827745502, 1.4931924034641366], "adaptive_substitutions_per_codon": [0.0, 0.0, 0.0, 0.0, 0.0, 0.00024275327511588974, 0.0010178914435827668, 0.0005823205086466431, 0.0005513238476622374, 0.0008564584543304412, 0.0008669301876076764, 0.0006549089488877792], "rate_of_adaptation": 9.188915468274734e-05}