{"virus": "h3n2", "gene": "ha2", "window": 3, "min_seqs": 3, "midfreq_high": 0.75, "midfreq_low": 0.15, "window_midpoint": [2007.5, 2008.5, 2009.5, 2010.5, 2011.5, 2012.5, 2013.5, 2014.5, 2015.5, 2016.5, 2017.5, 2018.5], "adaptive_substitutions": [0.0, 0.0, 0.0, 0.0, 0.0, 0.0, 0.0, 0, 0, 0.5205939123318379, 0.5707131040745086, 0.5407233101574014], "adaptive_substitutions_per_codon": [0.0, 0.0, 0.0, 0.0, 0.0, 0.0, 0.0, 0.0, 0.0, 0.0007852095208625006, 0.0008608040785437535, 0.0008155706035556582], "rate_of_adaptation": 7.76747552169354e-05}