{"cov": "hku1", "gene": "spike", "window": 3, "clade": null, "min_seqs": 3, "midfreq_high": 0.75, "midfreq_low": 0.15, "window_midpoint": [2006.5, 2007.5, 2008.5, 2009.5, 2010.5, 2011.5, 2014.5, 2015.5], "adaptive_substitutions": [0.0, 0.0, 0.0, 1.370448794397999, 1.370448794397999, 1.834487242445411, 0.8344872424454111, 0.0], "adaptive_substitutions_per_codon": [0.0, 0.0, 0.0, 0.00033663689373569127, 0.00033663689373569127, 0.00045062324796006165, 0.0002049833560416141, 0.0], "rate_of_adaptation": 1.2971108033205928e-05, "bootstrap_adaptive_substitutions": [[0.0, 0.0, 0.0, 1.1664571428571429, 1.1664571428571429, 1.627, 0.9254, 0.0], [0.0, 0.0, 0.0, 1.4403564497002943, 1.4403564497002943, 1.908249514790206, 0.816499029580412, 0.0], [0.0, 0.0, 0.0, 0.0, 0.0, 0.0, 2.7565070075465887, 0.0], [0.0, 0.0, 0.0, 0.0, 0.0, 0.0, 1.8051021580163094, 0.0], [0.0, 0.0, 0.0, 1.1933603310101104, 1.1933603310101104, 1.6585190086542934, 0.0, 0.0], [0.0, 0.0, 0.0, 1.3812772196110559, 1.3812772196110559, 1.843404769091458, 0.921702384545729, 0.0], [0.0, 0.0, 0.0, 1.4388332086761404, 1.4388332086761404, 1.9071832460732983, 0.721549738219895, 0.0], [0.0, 0.0, 0.0, 0.0, 0.0, 0.0, 1.6783941881924835, 0.0], [0.0, 0.0, 0.0, 1.3413750675789038, 1.3413750675789038, 1.8105441733002738, 1.8105441733002738, 0.0], [0.0, 0.0, 0.0, 1.4478601357091563, 1.4478601357091563, 1.9135020949964094, 0.0, 0.0], [0.0, 0.0, 0.0, 1.3926321709786276, 1.3926321709786276, 1.852755905511811, 0.0, 0.0], [0.0, 0.0, 0.0, 1.1768569722205602, 1.1768569722205602, 1.6436127491024415, 2.9109031872756104, 0.0], [0.0, 0.0, 0.0, 3.0689323226777145, 3.0689323226777145, 4.0, 0.8275087529146672, 0.0], [0.0, 0.0, 0.0, 2.8839143675287486, 2.8839143675287486, 3.7986000636334714, 0.0, 0.0], [0.0, 0.0, 0.0, 1.2558513338221193, 1.2558513338221193, 1.71496249506514, 0.0, 0.0], [0.0, 0.0, 0.0, 3.0000825763831545, 3.0000825763831545, 3.923121387283237, 0.0, 0.0], [0.0, 0.0, 0.0, 0.0, 0.0, 0.0, 0.0, 0.0], [0.0, 0.0, 0.0, 0.0, 0.0, 0.0, 1.8423194891876773, 0.0], [0.0, 0.0, 0.0, 0.0, 0.0, 0.0, 2.0, 0.0], [0.0, 0.0, 0.0, 0.0, 0.0, 0.0, 2.0, 0.0], [0.0, 0.0, 0.0, 1.3676067907995617, 1.3676067907995617, 1.8321467688937567, 0.9160733844468784, 0.0], [0.0, 0.0, 0.0, 1.255142591569787, 1.255142591569787, 1.7232497676235634, 0.0, 0.0], [0.0, 0.0, 0.0, 6.068462489979455, 6.068462489979455, 7.919959864729273, 0.0, 0.0], [0.0, 0.0, 0.0, 2.918803467237327, 2.918803467237327, 3.843162427066129, 0.6863248541322581, 0.0], [0.0, 0.0, 0.0, 2.8347858525698335, 2.8347858525698335, 3.760388996443204, 1.840259330962136, 0.0], [0.0, 0.0, 0.0, 0.0, 0.0, 0.0, 0.0, 0.0], [0.0, 0.0, 0.0, 1.3189192601477178, 1.3189192601477178, 1.7920511554157674, 0.0, 0.0], [0.0, 0.0, 0.0, 0.0, 0.0, 0.0, 0.5343020047820487, 0.0], [0.0, 0.0, 0.0, 0.0, 0.0, 0.0, 1.0, 0.0], [0.0, 0.0, 0.0, 0.0, 0.0, 0.0, 0.0, 0.0], [0.0, 0.0, 0.0, 2.989926874394291, 2.989926874394291, 3.9176529323661566, 1.8353058647323133, 0.0], [0.0, 0.0, 0.0, 4.60532252077325, 4.60532252077325, 6.0, 0.8305016989806115, 0.0], [0.0, 0.0, 0.0, 0.0, 0.0, 0.0, 0.0, 0.0], [0.0, 0.0, 0.0, 0.0, 0.0, 0.0, 0.6668065626271167, 0.0], [0.0, 0.0, 0.0, 1.5337191163890704, 1.5337191163890704, 2.0, 0.912011271574498, 0.0], [0.0, 0.0, 0.0, 1.3581881533101043, 1.3581881533101043, 1.8243902439024389, 0.0, 0.0], [0.0, 0.0, 0.0, 0.0, 0.0, 0.0, 0.0, 0.0], [0.0, 0.0, 0.0, 1.463891840398637, 1.463891840398637, 1.9247242882790458, 2.0, 0.0], [0.0, 0.0, 0.0, 4.271636965115084, 4.271636965115084, 5.665022568195198, 1.9162556420487995, 0.0], [0.0, 0.0, 0.0, 0.0, 0.0, 0.0, 0.8526637777211318, 0.0], [0.0, 0.0, 0.0, 1.451527517370685, 1.451527517370685, 1.9160692621594795, 0.8321385243189588, 0.0], [0.0, 0.0, 0.0, 1.45127862487157, 1.45127862487157, 1.9158950374100991, 1.6635801496403964, 0.0], [0.0, 0.0, 0.0, 1.1502317997577216, 1.1502317997577216, 1.6195642062327809, 2.904891051558195, 0.0], [0.0, 0.0, 0.0, 4.511786983965755, 4.511786983965755, 5.911406805485018, 0.6456272219400707, 0.0], [0.0, 0.0, 0.0, 2.9788861131184268, 2.9788861131184268, 3.9117079070637684, 0.9117079070637684, 0.0], [0.0, 0.0, 0.0, 0.0, 0.0, 0.0, 3.657385719945232, 0.0], [0.0, 0.0, 0.0, 4.551309032746865, 4.551309032746865, 5.928697701826753, 1.7147908073070122, 0.0], [0.0, 0.0, 0.0, 1.0854308152426233, 1.0854308152426233, 1.5464020942264485, 0.0, 0.0], [0.0, 0.0, 0.0, 1.4345093766936676, 1.4345093766936676, 1.9041565636855673, 1.9041565636855673, 0.0], [0.0, 0.0, 0.0, 2.9795481403295483, 2.9795481403295483, 3.9120643832543722, 0.0, 0.0], [0.0, 0.0, 0.0, 4.607945934370058, 4.607945934370058, 6.0, 3.3383302583025825, 0.0], [0.0, 0.0, 0.0, 3.080999870483098, 3.080999870483098, 4.0, 0.0, 0.0], [0.0, 0.0, 0.0, 4.613473219215903, 4.613473219215903, 6.0, 1.921590281612369, 0.0], [0.0, 0.0, 0.0, 1.273790454999363, 1.273790454999363, 1.7395666481244427, 2.913188882708148, 0.0], [0.0, 0.0, 0.0, 2.681910994120396, 2.681910994120396, 3.6065093852247285, 1.0, 0.0], [0.0, 0.0, 0.0, 1.443515265475778, 1.443515265475778, 1.9104606858330446, 0.0, 0.0], [0.0, 0.0, 0.0, 0.0, 0.0, 0.0, 0.8456026109375852, 0.0], [0.0, 0.0, 0.0, 0.0, 0.0, 0.0, 0.0, 0.0], [0.0, 0.0, 0.0, 1.3594545881984168, 1.3594545881984168, 1.8254331902810492, 0.0, 0.0], [0.0, 0.0, 0.0, 1.281668482091369, 1.281668482091369, 1.746459921829948, 1.8309732812199653, 0.0], [0.0, 0.0, 0.0, 0.0, 0.0, 0.0, 0.0, 0.0], [0.0, 0.0, 0.0, 4.390890407540111, 4.390890407540111, 5.803150682850502, 2.0, 0.0], [0.0, 0.0, 0.0, 2.711121319803812, 2.711121319803812, 3.64445285160314, 0.8222264258015699, 0.0], [0.0, 0.0, 0.0, 2.9247071847407504, 2.9247071847407504, 3.8472950293185253, 0.0, 0.0], [0.0, 0.0, 0.0, 0.0, 0.0, 0.0, 0.0, 0.0], [0.0, 0.0, 0.0, 0.0, 0.0, 0.0, 1.9212406143734166, 0.0], [0.0, 0.0, 0.0, 1.4340664816947049, 1.4340664816947049, 1.9038465371862934, 0.0, 0.0], [0.0, 0.0, 0.0, 1.3740983334715198, 1.3740983334715198, 1.8374927452118397, 0.9187463726059198, 0.0], [0.0, 0.0, 0.0, 1.203021882598124, 1.203021882598124, 1.6672455713789507, 0.8336227856894753, 0.0], [0.0, 0.0, 0.0, 2.8931086973348124, 2.8931086973348124, 3.8251760881343686, 0.5629402203359215, 0.0], [0.0, 0.0, 0.0, 1.2041161280390396, 1.2041161280390396, 1.6682339220997777, 0.0, 0.0], [0.0, 0.0, 0.0, 0.0, 0.0, 0.0, 0.0, 0.0], [0.0, 0.0, 0.0, 0.0, 0.0, 0.0, 2.628526371123182, 0.0], [0.0, 0.0, 0.0, 2.9967540368438668, 2.9967540368438668, 3.9213290967620824, 0.0, 0.0], [0.0, 0.0, 0.0, 1.283687241984525, 1.283687241984525, 1.7482263367364594, 0.9160754455788198, 0.0], [0.0, 0.0, 0.0, 3.0028000175895917, 3.0028000175895917, 3.924584624855934, 0.6983384994237363, 0.0], [0.0, 0.0, 0.0, 4.538448380923873, 4.538448380923873, 5.923071166654195, 0.7692134999625833, 0.0], [0.0, 0.0, 0.0, 1.3074178682919575, 1.3074178682919575, 1.768990634755463, 0.0, 0.0], [0.0, 0.0, 0.0, 3.074702956984156, 3.074702956984156, 4.0, 0.0, 0.0], [0.0, 0.0, 0.0, 0.0, 0.0, 0.0, 0.7529619757011777, 0.0], [0.0, 0.0, 0.0, 0.0, 0.0, 0.0, 3.0, 0.0], [0.0, 0.0, 0.0, 2.985684824848136, 2.985684824848136, 3.915368751841304, 0.0, 0.0], [0.0, 0.0, 0.0, 0.0, 0.0, 0.0, 0.0, 0.0], [0.0, 0.0, 0.0, 4.3523714766358985, 4.3523714766358985, 5.746660033645129, 1.5777667227418815, 0.0], [0.0, 0.0, 0.0, 0.0, 0.0, 0.0, 0.9296500479386386, 0.0], [0.0, 0.0, 0.0, 0.0, 0.0, 0.0, 0.0, 0.0], [0.0, 0.0, 0.0, 2.9702422317085273, 2.9702422317085273, 3.9070535093815146, 0.8141070187630296, 0.0], [0.0, 0.0, 0.0, 0.0, 0.0, 0.0, 0.0, 0.0], [0.0, 0.0, 0.0, 1.4473470083458293, 1.4473470083458293, 1.9131429058420806, 0.0, 0.0], [0.0, 0.0, 0.0, 1.372614327736466, 1.372614327736466, 1.8362706228417955, 1.8362706228417955, 0.0], [0.0, 0.0, 0.0, 0.0, 0.0, 0.0, 0.0, 0.0], [0.0, 0.0, 0.0, 2.826053804133242, 2.826053804133242, 3.753597403214744, 1.5071948064294878, 0.0], [0.0, 0.0, 0.0, 1.23905164602839, 1.23905164602839, 1.6997885835095137, 0.0, 0.0], [0.0, 0.0, 0.0, 2.787779753189709, 2.787779753189709, 3.723828696925329, 1.7238286969253291, 0.0], [0.0, 0.0, 0.0, 3.0010377645033914, 3.0010377645033914, 3.9236357193479803, 2.0, 