{"cov": "hku1", "gene": "s1", "window": 3, "clade": "A", "min_seqs": 3, "midfreq_high": 0.75, "midfreq_low": 0.15, "window_midpoint": [2006.5, 2008.5, 2009.5, 2010.5, 2011.5, 2014.5], "adaptive_substitutions": [0.0, 0.0, 3.0576923076923075, 3.0576923076923075, 4.0, 4.652777777777778], "adaptive_substitutions_per_codon": [0.0, 0.0, 0.001362607980255039, 0.001362607980255039, 0.0017825311942959, 0.0020734303822539115], "rate_of_adaptation": 0.0002921617121984769, "bootstrap_adaptive_substitutions": [[0.0, 0.0, 1.5192307692307692, 1.5192307692307692, 2.0, 10.430555555555555], [0.0, 0.0, 4.596153846153847, 4.596153846153847, 6.0, 5.875], [0.0, 0.0, 3.076923076923077, 3.076923076923077, 4.0, 3.5555555555555554], [0.0, 0.0, 6.153846153846154, 6.153846153846154, 8.0, 3.3055555555555554], [0.0, 0.0, 1.5, 1.5, 2.0, 7.777777777777778], [0.0, 0.0, 3.8461538461538463, 3.8461538461538463, 5.0, 2.0], [0.0, 0.0, 5.326923076923077, 5.326923076923077, 7.0, 7.208333333333334], [0.0, 0.0, 5.365384615384615, 5.365384615384615, 7.0, 6.333333333333334], [0.0, 0.0, 3.8461538461538463, 3.8461538461538463, 5.0, 6.402777777777778], [0.0, 0.0, 3.057692307692308, 3.057692307692308, 4.0, 2.0], [0.0, 0.0, 0.0, 0.0, 0.0, 6.111111111111111], [0.0, 0.0, 1.5384615384615385, 1.5384615384615385, 2.0, 5.652777777777778], [0.0, 0.0, 4.596153846153847, 4.596153846153847, 6.0, 5.555555555555555], [0.0, 0.0, 4.5576923076923075, 4.5576923076923075, 6.0, 2.75], [0.0, 0.0, 1.5, 1.5, 2.0, 2.4305555555555554], [0.0, 0.0, 1.5192307692307692, 1.5192307692307692, 2.0, 4.555555555555555], [0.0, 0.0, 6.153846153846154, 6.153846153846154, 8.0, 1.75], [0.0, 0.0, 0.75, 0.75, 1.0, 5.777777777777778], [0.0, 0.0, 5.384615384615385, 5.384615384615385, 7.0, 3.7777777777777777], [0.0, 0.0, 2.307692307692308, 2.307692307692308, 3.0, 3.3333333333333335], [0.0, 0.0, 1.5384615384615385, 1.5384615384615385, 2.0, 2.7777777777777777], [0.0, 0.0, 0.75, 0.75, 1.0, 1.7777777777777777], [0.0, 0.0, 3.8076923076923075, 3.8076923076923075, 5.0, 6.402777777777778], [0.0, 0.0, 0.7692307692307693, 0.7692307692307693, 1.0, 3.6527777777777777], [0.0, 0.0, 3.8461538461538463, 3.8461538461538463, 5.0, 2.7777777777777777], [0.0, 0.0, 1.5192307692307692, 1.5192307692307692, 2.0, 0.875], [0.0, 0.0, 0.7692307692307693, 0.7692307692307693, 1.0, 6.777777777777778], [0.0, 0.0, 3.076923076923077, 3.076923076923077, 4.0, 4.430555555555555], [0.0, 0.0, 6.153846153846154, 6.153846153846154, 8.0, 6.652777777777778], [0.0, 0.0, 0.7692307692307693, 0.7692307692307693, 1.0, 6.75], [0.0, 0.0, 3.8269230769230766, 3.8269230769230766, 5.0, 3.7777777777777777], [0.0, 0.0, 4.596153846153846, 4.596153846153846, 6.0, 3.75], [0.0, 0.0, 8.461538461538462, 8.461538461538462, 11.0, 4.0], [0.0, 0.0, 3.826923076923077, 3.826923076923077, 5.0, 3.6527777777777777], [0.0, 0.0, 4.615384615384616, 4.615384615384616, 6.0, 4.0], [0.0, 0.0, 3.8269230769230766, 3.8269230769230766, 5.0, 8.430555555555555], [0.0, 0.0, 0.0, 0.0, 0.0, 4.555555555555555], [0.0, 0.0, 3.0384615384615383, 3.0384615384615383, 4.0, 4.0], [0.0, 0.0, 4.615384615384616, 4.615384615384616, 6.0, 5.777777777777778], [0.0, 0.0, 4.596153846153847, 4.596153846153847, 6.0, 3.7777777777777777], [0.0, 0.0, 2.2884615384615383, 2.2884615384615383, 3.0, 4.652777777777778], [0.0, 0.0, 4.596153846153846, 4.596153846153846, 6.0, 3.7777777777777777], [0.0, 0.0, 1.5, 1.5, 2.0, 5.430555555555555], [0.0, 0.0, 7.615384615384615, 7.615384615384615, 10.0, 5.430555555555555], [0.0, 0.0, 5.365384615384616, 5.365384615384616, 7.0, 5.777777777777778], [0.0, 0.0, 3.8461538461538463, 3.8461538461538463, 5.0, 4.555555555555555], [0.0, 0.0, 1.5384615384615385, 1.5384615384615385, 2.0, 2.0], [0.0, 0.0, 4.576923076923077, 4.576923076923077, 6.0, 5.75], [0.0, 0.0, 0.0, 0.0, 0.0, 5.402777777777778], [0.0, 0.0, 3.8461538461538463, 3.8461538461538463, 5.0, 4.625], [0.0, 0.0, 3.0384615384615383, 3.0384615384615383, 4.0, 5.652777777777778], [0.0, 0.0, 6.846153846153846, 6.846153846153846, 9.0, 5.527777777777778], [0.0, 0.0, 0.75, 0.75, 1.0, 4.777777777777778], [0.0, 0.0, 0.7692307692307693, 0.7692307692307693, 1.0, 3.7777777777777777], [0.0, 0.0, 5.365384615384615, 5.365384615384615, 7.0, 4.402777777777778], [0.0, 0.0, 0.0, 0.0, 0.0, 3.875], [0.0, 0.0, 0.75, 0.75, 1.0, 3.7777777777777777], [0.0, 0.0, 4.615384615384616, 4.615384615384616, 6.0, 2.875], [0.0, 0.0, 4.576923076923077, 4.576923076923077, 6.0, 2.875], [0.0, 0.0, 3.807692307692308, 3.807692307692308, 5.0, 7.652777777777778], [0.0, 0.0, 3.076923076923077, 3.076923076923077, 4.0, 6.0], [0.0, 0.0, 0.0, 0.0, 0.0, 6.527777777777778], [0.0, 0.0, 0.7692307692307693, 0.7692307692307693, 1.0, 6.652777777777778], [0.0, 0.0, 0.75, 0.75, 1.0, 2.6527777777777777], [0.0, 0.0, 2.2884615384615383, 2.2884615384615383, 3.0, 5.652777777777778], [0.0, 0.0, 5.326923076923077, 5.326923076923077, 7.0, 6.652777777777778], [0.0, 0.0, 2.269230769230769, 2.269230769230769, 3.0, 5.430555555555555], [0.0, 0.0, 3.8269230769230766, 3.8269230769230766, 5.0, 2.75], [0.0, 0.0, 3.076923076923077, 3.076923076923077, 4.0, 3.875], [0.0, 0.0, 0.0, 0.0, 0.0, 4.527777777777778], [0.0, 0.0, 3.8461538461538463, 3.8461538461538463, 5.0, 7.0], [0.0, 0.0, 3.0576923076923075, 3.0576923076923075, 4.0, 6.875], [0.0, 0.0, 1.5192307692307692, 1.5192307692307692, 2.0, 2.0], [0.0, 0.0, 5.365384615384615, 5.365384615384615, 7.0, 6.555555555555555], [0.0, 0.0, 5.346153846153847, 5.346153846153847, 7.0, 0.7777777777777778], [0.0, 0.0, 0.7692307692307693, 0.7692307692307693, 1.0, 5.875], [0.0, 0.0, 7.653846153846154, 7.653846153846154, 10.0, 3.7777777777777777], [0.0, 0.0, 3.0, 3.0, 4.0, 9.583333333333332], [0.0, 0.0, 4.615384615384616, 4.615384615384616, 6.0, 3.6527777777777777], [0.0, 0.0, 3.076923076923077, 3.076923076923077, 4.0, 7.305555555555555], [0.0, 0.0, 3.0576923076923075, 3.0576923076923075, 4.0, 10.11111111111111], [0.0, 0.0, 3.0384615384615383, 3.0384615384615383, 4.0, 8.930555555555555], [0.0, 0.0, 1.5192307692307692, 1.5192307692307692, 2.0, 4.777777777777778], [0.0, 0.0, 1.5384615384615385, 1.5384615384615385, 2.0, 3.5555555555555554], [0.0, 0.0, 6.865384615384615, 6.865384615384615, 9.0, 6.625], [0.0, 0.0, 0.7692307692307693, 0.7692307692307693, 1.0, 4.0], [0.0, 0.0, 1.5384615384615385, 1.5384615384615385, 2.0, 5.958333333333333], [0.0, 0.0, 0.0, 0.0, 0.0, 4.208333333333334], [0.0, 0.0, 3.7884615384615383, 3.7884615384615383, 5.0, 6.763888888888889], [0.0, 0.0, 5.365384615384616, 5.365384615384616, 7.0, 3.875], [0.0, 0.0, 3.019230769230769, 3.019230769230769, 4.0, 1.0], [0.0, 0.0, 3.076923076923077, 3.076923076923077, 4.0, 4.777777777777778], [0.0, 0.0, 3.0576923076923075, 3.0576923076923075, 4.0, 3.875], [0.0, 0.0, 5.326923076923077, 5.326923076923077, 7.0, 5.777777777777778], [0.0, 0.0, 6.115384615384615, 6.115384615384615, 8.0, 5.875], [0.0, 0.0, 1.5192307692307692, 1.5192307692307692, 2.0, 3.5555555555555554], [0.0, 0.0, 0.0, 0.0, 0.0, 3.0], [0.0, 0.0, 2.307692307692308, 2.307692307692308, 3.0, 2.6527777777777777], [0.0, 0.0, 3.7884615384615383, 3.7884615384615383, 5.0, 3.875], [0.0, 0.0, 5.326923076923077, 5.326923076923077, 7.0, 2.5555555555555554]],