{"cov": "hku1", "gene": "s1", "window": 3, "clade": null, "min_seqs": 3, "midfreq_high": 0.75, "midfreq_low": 0.15, "window_midpoint": [2006.5, 2007.5, 2008.5, 2009.5, 2010.5, 2011.5, 2014.5, 2015.5], "adaptive_substitutions": [0.0, 0.0, 0.0, 1.416425575504215, 1.416425575504215, 1.9165017095555155, 1.0, 0.0], "adaptive_substitutions_per_codon": [0.0, 0.0, 0.0, 0.0018936170795510897, 0.0018936170795510897, 0.0025621680609030956, 0.001336898395721925, 0.0], "rate_of_adaptation": 8.355756339221816e-05, "bootstrap_adaptive_substitutions": [[0.0, 0.0, 0.0, 0.0, 0.0, 0.0, 1.0, 0.0], [0.0, 0.0, 0.0, 7.3476923076923075, 7.3476923076923075, 9.84, 0.0, 0.0], [0.0, 0.0, 0.0, 3.0019832060424494, 3.0019832060424494, 4.0, 2.0, 0.0], [0.0, 0.0, 0.0, 0.0, 0.0, 0.0, 0.0, 0.0], [0.0, 0.0, 0.0, 1.4015950604579368, 1.4015950604579368, 1.906354515050167, 1.0, 0.0], [0.0, 0.0, 0.0, 1.4964568332501604, 1.4964568332501604, 2.0, 0.0, 0.0], [0.0, 0.0, 0.0, 1.3150568302754244, 1.3150568302754244, 1.8184836745987822, 1.0, 0.0], [0.0, 0.0, 0.0, 4.507200319127718, 4.507200319127718, 6.0, 1.0, 0.0], [0.0, 0.0, 0.0, 1.402674811695629, 1.402674811695629, 1.9070932922127986, 2.0, 0.0], [0.0, 0.0, 0.0, 1.4988294314381272, 1.4988294314381272, 2.0, 0.0, 0.0], [0.0, 0.0, 0.0, 1.4945607156662433, 1.4945607156662433, 2.0, 2.0, 0.0], [0.0, 0.0, 0.0, 1.4186234817813765, 1.4186234817813765, 1.918005540166205, 2.0, 0.0], [0.0, 0.0, 0.0, 3.002370636802093, 3.002370636802093, 4.0, 1.0, 0.0], [0.0, 0.0, 0.0, 1.4015412825214457, 1.4015412825214457, 1.9063177196199366, 1.0, 0.0], [0.0, 0.0, 0.0, 1.5026980893122626, 1.5026980893122626, 2.0, 2.0, 0.0], [0.0, 0.0, 0.0, 2.9211784559133736, 2.9211784559133736, 3.9190127970749544, 0.0, 0.0], [0.0, 0.0, 0.0, 0.0, 0.0, 0.0, 2.0, 0.0], [0.0, 0.0, 0.0, 1.3141920533544338, 1.3141920533544338, 1.8177810433504775, 0.0, 0.0], [0.0, 0.0, 0.0, 1.4088669950738917, 1.4088669950738917, 1.9113300492610836, 4.0, 0.0], [0.0, 0.0, 0.0, 0.0, 0.0, 0.0, 0.0, 0.0], [0.0, 0.0, 0.0, 2.9963861641713994, 2.9963861641713994, 4.0, 1.0, 0.0], [0.0, 0.0, 0.0, 1.3156498673740051, 1.3156498673740051, 1.818965517241379, 1.0, 0.0], [0.0, 0.0, 0.0, 0.0, 0.0, 0.0, 0.0, 0.0], [0.0, 0.0, 0.0, 1.5028574112636803, 1.5028574112636803, 2.0, 1.0, 0.0], [0.0, 0.0, 0.0, 0.0, 0.0, 0.0, 0.0, 0.0], [0.0, 0.0, 0.0, 0.0, 0.0, 0.0, 1.0, 0.0], [0.0, 0.0, 0.0, 1.5002831341459781, 1.5002831341459781, 2.0, 0.0, 0.0], [0.0, 0.0, 0.0, 0.0, 0.0, 0.0, 0.0, 0.0], [0.0, 0.0, 0.0, 0.0, 0.0, 0.0, 0.0, 0.0], [0.0, 0.0, 0.0, 2.9171541386370285, 2.9171541386370285, 3.916920152091255, 1.0, 0.0], [0.0, 0.0, 0.0, 1.2774791473586653, 1.2774791473586653, 1.7879518072289153, 0.0, 0.0], [0.0, 0.0, 0.0, 0.0, 0.0, 0.0, 3.0, 0.0], [0.0, 0.0, 0.0, 2.824278932903978, 2.824278932903978, 3.82713821725009, 4.0, 0.0], [0.0, 0.0, 0.0, 2.82656939166135, 2.82656939166135, 3.8287053732419762, 1.0, 0.0], [0.0, 0.0, 0.0, 2.9981941719823837, 2.9981941719823837, 4.0, 0.0, 0.0], [0.0, 0.0, 0.0, 1.253176451903224, 1.253176451903224, 1.752752924982794, 0.0, 0.0], [0.0, 0.0, 0.0, 1.500181488203267, 1.500181488203267, 2.0, 2.0, 0.0], [0.0, 0.0, 0.0, 1.239845261121857, 1.239845261121857, 1.7411992263056093, 1.0, 0.0], [0.0, 0.0, 0.0, 2.985520211637507, 2.985520211637507, 4.0, 2.0, 0.0], [0.0, 0.0, 0.0, 0.0, 0.0, 0.0, 0.0, 0.0], [0.0, 0.0, 0.0, 0.0, 0.0, 0.0, 0.0, 0.0], [0.0, 0.0, 0.0, 0.0, 0.0, 0.0, 0.0, 0.0], [0.0, 0.0, 0.0, 4.497480130440307, 4.497480130440307, 6.0, 0.0, 0.0], [0.0, 0.0, 0.0, 0.0, 0.0, 0.0, 2.0, 0.0], [0.0, 0.0, 0.0, 1.3411213825396442, 1.3411213825396442, 1.8396611233134608, 0.0, 0.0], [0.0, 0.0, 0.0, 0.0, 0.0, 0.0, 1.0, 0.0], [0.0, 0.0, 0.0, 0.0, 0.0, 0.0, 4.0, 0.0], [0.0, 0.0, 0.0, 2.8292912327846826, 2.8292912327846826, 3.8305676855895197, 2.0, 0.0], [0.0, 0.0, 0.0, 2.9241889647029753, 2.9241889647029753, 3.920578261645547, 3.0, 0.0], [0.0, 0.0, 0.0, 0.0, 0.0, 0.0, 1.0, 0.0], [0.0, 0.0, 0.0, 0.0, 0.0, 0.0, 2.0, 0.0], [0.0, 0.0, 0.0, 4.407975225569659, 4.407975225569659, 5.913021868787276, 1.0, 0.0], [0.0, 0.0, 0.0, 2.9927013142971512, 2.9927013142971512, 4.0, 1.0, 0.0], [0.0, 0.0, 0.0, 1.4957233797919178, 1.4957233797919178, 2.0, 1.0, 0.0], [0.0, 0.0, 0.0, 1.2889778275834467, 1.2889778275834467, 1.7972944849115504, 0.0, 0.0], [0.0, 0.0, 0.0, 0.0, 0.0, 0.0, 2.0, 0.0], [0.0, 0.0, 0.0, 2.9091991180966037, 2.9091991180966037, 3.9127835414102337, 0.0, 0.0], [0.0, 0.0, 0.0, 1.1897050318102944, 1.1897050318102944, 1.6977443609022551, 1.0, 0.0], [0.0, 0.0, 0.0, 4.245086274672074, 4.245086274672074, 5.746637977407208, 2.0, 0.0], [0.0, 0.0, 0.0, 0.0, 0.0, 0.0, 2.0, 0.0], [0.0, 0.0, 0.0, 1.434002523089383, 1.434002523089383, 1.9285280421137883, 1.0, 0.0], [0.0, 0.0, 0.0, 2.822922776815311, 2.822922776815311, 3.826210320978897, 2.0, 0.0], [0.0, 0.0, 0.0, 2.9237959547808954, 2.9237959547808954, 3.9203738964860655, 1.0, 0.0], [0.0, 0.0, 0.0, 1.4966818832186415, 1.4966818832186415, 2.0, 2.0, 0.0], [0.0, 0.0, 0.0, 2.9003305035318516, 2.9003305035318516, 3.908171861836563, 1.0, 0.0], [0.0, 0.0, 0.0, 1.494861088806809, 1.494861088806809, 2.0, 2.0, 0.0], [0.0, 0.0, 0.0, 4.399397420205254, 4.399397420205254, 5.909424724602203, 2.0, 0.0], [0.0, 0.0, 0.0, 1.5016998542982032, 1.5016998542982032, 2.0, 0.0, 0.0], [0.0, 0.0, 0.0, 1.422094551564342, 1.422094551564342, 1.9203804826492865, 1.0, 0.0], [0.0, 0.0, 0.0, 0.0, 0.0, 0.0, 1.0, 0.0], [0.0, 0.0, 0.0, 0.0, 0.0, 0.0, 1.0, 0.0], [0.0, 0.0, 0.0, 3.016032495223152, 3.016032495223152, 4.0, 0.0, 0.0], [0.0, 0.0, 0.0, 0.0, 0.0, 0.0, 2.0, 0.0], [0.0, 0.0, 0.0, 1.4212447396295556, 1.4212447396295556, 1.9197990323781169, 0.0, 0.0], [0.0, 0.0, 0.0, 1.4048800661703889, 1.4048800661703889, 1.9086021505376343, 0.0, 0.0], [0.0, 0.0, 0.0, 1.4965034965034965, 1.4965034965034965, 2.0, 3.0, 0.0], [0.0, 0.0, 0.0, 1.4967224080267558, 1.4967224080267558, 2.0, 3.0, 0.0], [0.0, 0.0, 0.0, 0.0, 0.0, 0.0, 1.0, 0.0], [0.0, 0.0, 0.0, 1.497590961953813, 1.497590961953813, 2.0, 2.0, 0.0], [0.0, 0.0, 0.0, 0.0, 0.0, 0.0, 1.0, 0.0], [0.0, 0.0, 0.0, 0.0, 0.0, 0.0, 1.0, 0.0], [0.0, 0.0, 0.0, 2.9307408458699973, 2.9307408458699973, 3.9239852398523984, 2.0, 0.0], [0.0, 0.0, 0.0, 1.5043841030520384, 1.5043841030520384, 2.0, 2.0, 0.0], [0.0, 0.0, 0.0, 1.4967534947673975, 1.4967534947673975, 2.0, 0.0, 0.0], [0.0, 0.0, 0.0, 1.4959159859976663, 1.4959159859976663, 2.0, 0.0, 0.0], [0.0, 0.0, 0.0, 2.8807329398392243, 2.8807329398392243, 3.8657646430478905, 1.0, 0.0], [0.0, 0.0, 0.0, 1.5039663057802124, 1.5039663057802124, 2.0, 0.0, 0.0], [0.0, 0.0, 0.0, 2.931702995890272, 2.931702995890272, 3.9244855578629414, 2.0, 0.0], [0.0, 0.0, 0.0, 0.0, 0.0, 0.0, 0.0, 0.0], [0.0, 0.0, 0.0, 2.905541925241738, 2.905541925241738, 3.9108818011257034, 1.0, 0.0], [0.0, 0.0, 0.0, 0.0, 0.0, 0.0, 1.0, 0.0], [0.0, 0.0, 0.0, 2.9027398550042367, 2.9027398550042367, 3.909424724602203, 0.0, 0.0], [0.0, 0.0, 0.0, 0.0, 0.0, 0.0, 3.0, 0.0], [0.0, 0.0, 0.0, 1.4963479866409624, 1.4963479866409624, 2.0, 1.0, 0.0], [0.0, 0.0, 0.0, 0.0, 0.0, 0.0, 0.0, 0.0], [0.0, 0.0, 0.0, 2.9092598577892694, 2.9092598577892694, 3.91281512605042, 3.0, 0.0], [0.0, 0.0, 0.0, 0.0, 0.0, 0.0, 0.0, 0.0], [0.0, 0.0, 0.0, 1.499099292877692, 1.499099292877692, 2.0, 1.0, 0.0], [0.0, 0.0, 0.0, 3.004505435456537, 3.004505435456537, 4.0, 5.0, 0.0], [0.0, 0.0, 0.0, 1.3971264968885633, 1.3971264968885633, 1.9032970768184907, 1.0, 0.0]],