{"cov": "hku1", "gene": "spike", "window": 3, "clade": "A", "min_seqs": 3, "midfreq_high": 0.75, "midfreq_low": 0.15, "window_midpoint": [2006.5, 2008.5, 2009.5, 2010.5, 2011.5, 2014.5], "adaptive_substitutions": [0.0, 0.0, 3.1071428571428568, 3.1071428571428568, 4.0, 4.75], "adaptive_substitutions_per_codon": [0.0, 0.0, 0.0007632382356037476, 0.0007632382356037476, 0.0009825595676737902, 0.001166789486612626], "rate_of_adaptation": 0.00016370770858085314, "bootstrap_adaptive_substitutions": [[0.0, 0.0, 1.5714285714285714, 1.5714285714285714, 2.0, 6.375], [0.0, 0.0, 1.5357142857142856, 1.5357142857142856, 2.0, 4.75], [0.0, 0.0, 1.5714285714285714, 1.5714285714285714, 2.0, 4.875], [0.0, 0.0, 0.75, 0.75, 1.0, 2.875], [0.0, 0.0, 3.8928571428571423, 3.8928571428571423, 5.0, 6.5], [0.0, 0.0, 2.321428571428571, 2.321428571428571, 3.0, 4.0], [0.0, 0.0, 1.5714285714285714, 1.5714285714285714, 2.0, 2.0], [0.0, 0.0, 1.5714285714285714, 1.5714285714285714, 2.0, 5.875], [0.0, 0.0, 3.9285714285714284, 3.9285714285714284, 5.0, 5.75], [0.0, 0.0, 2.2857142857142856, 2.2857142857142856, 3.0, 2.0], [0.0, 0.0, 4.607142857142857, 4.607142857142857, 6.0, 5.625], [0.0, 0.0, 3.071428571428571, 3.071428571428571, 4.0, 3.875], [0.0, 0.0, 3.821428571428571, 3.821428571428571, 5.0, 4.75], [0.0, 0.0, 7.0, 7.0, 9.0, 0.0], [0.0, 0.0, 0.0, 0.0, 0.0, 8.625], [0.0, 0.0, 3.821428571428571, 3.821428571428571, 5.0, 2.0], [0.0, 0.0, 5.5, 5.5, 7.0, 7.5], [0.0, 0.0, 3.857142857142857, 3.857142857142857, 5.0, 5.75], [0.0, 0.0, 3.071428571428571, 3.071428571428571, 4.0, 1.875], [0.0, 0.0, 2.357142857142857, 2.357142857142857, 3.0, 5.625], [0.0, 0.0, 2.2857142857142856, 2.2857142857142856, 3.0, 12.0], [0.0, 0.0, 2.357142857142857, 2.357142857142857, 3.0, 3.75], [0.0, 0.0, 0.0, 0.0, 0.0, 4.0], [0.0, 0.0, 1.5714285714285714, 1.5714285714285714, 2.0, 6.75], [0.0, 0.0, 0.7857142857142857, 0.7857142857142857, 1.0, 6.5], [0.0, 0.0, 4.642857142857142, 4.642857142857142, 6.0, 3.0], [0.0, 0.0, 2.357142857142857, 2.357142857142857, 3.0, 4.5], [0.0, 0.0, 3.8928571428571423, 3.8928571428571423, 5.0, 7.0], [0.0, 0.0, 3.142857142857143, 3.142857142857143, 4.0, 3.75], [0.0, 0.0, 3.9285714285714284, 3.9285714285714284, 5.0, 4.875], [0.0, 0.0, 5.392857142857142, 5.392857142857142, 7.0, 3.625], [0.0, 0.0, 10.92857142857143, 10.92857142857143, 14.0, 6.625], [0.0, 0.0, 0.7857142857142857, 0.7857142857142857, 1.0, 3.875], [0.0, 0.0, 3.071428571428571, 3.071428571428571, 4.0, 5.875], [0.0, 0.0, 2.2857142857142856, 2.2857142857142856, 3.0, 7.625], [0.0, 0.0, 4.642857142857142, 4.642857142857142, 6.0, 7.875], [0.0, 0.0, 2.357142857142857, 2.357142857142857, 3.0, 3.0], [0.0, 0.0, 0.7857142857142857, 0.7857142857142857, 1.0, 4.75], [0.0, 0.0, 2.357142857142857, 2.357142857142857, 3.0, 9.5], [0.0, 0.0, 0.0, 0.0, 0.0, 4.75], [0.0, 0.0, 1.5714285714285714, 1.5714285714285714, 2.0, 3.875], [0.0, 0.0, 1.5714285714285714, 1.5714285714285714, 2.0, 7.75], [0.0, 0.0, 3.9285714285714284, 3.9285714285714284, 5.0, 1.875], [0.0, 0.0, 3.142857142857143, 3.142857142857143, 4.0, 4.875], [0.0, 0.0, 2.321428571428571, 2.321428571428571, 3.0, 3.875], [0.0, 0.0, 5.464285714285714, 5.464285714285714, 7.0, 6.625], [0.0, 0.0, 4.678571428571429, 4.678571428571429, 6.0, 10.625], [0.0, 0.0, 1.5, 1.5, 2.0, 2.75], [0.0, 0.0, 2.321428571428571, 2.321428571428571, 3.0, 6.75], [0.0, 0.0, 6.2142857142857135, 6.2142857142857135, 8.0, 4.875], [0.0, 0.0, 1.5714285714285714, 1.5714285714285714, 2.0, 5.5], [0.0, 0.0, 0.0, 0.0, 0.0, 6.625], [0.0, 0.0, 7.82142857142857, 7.82142857142857, 10.0, 3.875], [0.0, 0.0, 1.5714285714285714, 1.5714285714285714, 2.0, 1.875], [0.0, 0.0, 5.4642857142857135, 5.4642857142857135, 7.0, 5.625], [0.0, 0.0, 2.2857142857142856, 2.2857142857142856, 3.0, 5.625], [0.0, 0.0, 3.892857142857143, 3.892857142857143, 5.0, 2.875], [0.0, 0.0, 1.5357142857142856, 1.5357142857142856, 2.0, 9.625], [0.0, 0.0, 1.5714285714285714, 1.5714285714285714, 2.0, 8.75], [0.0, 0.0, 5.392857142857142, 5.392857142857142, 7.0, 3.75], [0.0, 0.0, 4.714285714285714, 4.714285714285714, 6.0, 10.75], [0.0, 0.0, 3.821428571428571, 3.821428571428571, 5.0, 1.75], [0.0, 0.0, 3.142857142857143, 3.142857142857143, 4.0, 2.875], [0.0, 0.0, 3.8571428571428568, 3.8571428571428568, 5.0, 3.75], [0.0, 0.0, 0.0, 0.0, 0.0, 3.875], [0.0, 0.0, 3.9285714285714284, 3.9285714285714284, 5.0, 7.625], [0.0, 0.0, 4.678571428571429, 4.678571428571429, 6.0, 3.875], [0.0, 0.0, 0.75, 0.75, 1.0, 4.875], [0.0, 0.0, 7.821428571428571, 7.821428571428571, 10.0, 4.75], [0.0, 0.0, 0.75, 0.75, 1.0, 3.75], [0.0, 0.0, 3.142857142857143, 3.142857142857143, 4.0, 2.75], [0.0, 0.0, 1.5357142857142856, 1.5357142857142856, 2.0, 4.75], [0.0, 0.0, 6.2142857142857135, 6.2142857142857135, 8.0, 0.875], [0.0, 0.0, 3.892857142857143, 3.892857142857143, 5.0, 6.375], [0.0, 0.0, 6.9642857142857135, 6.9642857142857135, 9.0, 5.625], [0.0, 0.0, 1.5, 1.5, 2.0, 3.625], [0.0, 0.0, 1.5714285714285714, 1.5714285714285714, 2.0, 6.875], [0.0, 0.0, 2.2857142857142856, 2.2857142857142856, 3.0, 2.875], [0.0, 0.0, 3.107142857142857, 3.107142857142857, 4.0, 6.75], [0.0, 0.0, 0.7857142857142857, 0.7857142857142857, 1.0, 3.0], [0.0, 0.0, 4.678571428571429, 4.678571428571429, 6.0, 7.0], [0.0, 0.0, 1.5714285714285714, 1.5714285714285714, 2.0, 3.875], [0.0, 0.0, 0.0, 0.0, 0.0, 8.625], [0.0, 0.0, 6.25, 6.25, 8.0, 4.875], [0.0, 0.0, 3.821428571428571, 3.821428571428571, 5.0, 4.0], [0.0, 0.0, 1.5714285714285714, 1.5714285714285714, 2.0, 7.0], [0.0, 0.0, 0.0, 0.0, 0.0, 7.75], [0.0, 0.0, 4.678571428571428, 4.678571428571428, 6.0, 3.875], [0.0, 0.0, 1.5714285714285714, 1.5714285714285714, 2.0, 2.75], [0.0, 0.0, 3.9285714285714284, 3.9285714285714284, 5.0, 7.625], [0.0, 0.0, 3.892857142857143, 3.892857142857143, 5.0, 3.875], [0.0, 0.0, 3.071428571428571, 3.071428571428571, 4.0, 4.875], [0.0, 0.0, 3.107142857142857, 3.107142857142857, 4.0, 3.875], [0.0, 0.0, 5.428571428571428, 5.428571428571428, 7.0, 4.625], [0.0, 0.0, 1.5, 1.5, 2.0, 8.625], [0.0, 0.0, 5.464285714285714, 5.464285714285714, 7.0, 1.875], [0.0, 0.0, 4.642857142857142, 4.642857142857142, 6.0, 2.875], [0.0, 0.0, 3.071428571428571, 3.071428571428571, 4.0, 5.0], [0.0, 0.0, 3.857142857142857, 3.857142857142857, 5.0, 6.0], [0.0, 0.0, 3.7857142857142856, 3.7857142857142856, 5.0, 1.0]],