{"cov": "hku1", "gene": "s1", "window": 3, "clade": null, "min_seqs": 3, "midfreq_high": 0.75, "midfreq_low": 0.15, "window_midpoint": [2006.5, 2007.5, 2008.5, 2009.5, 2010.5, 2011.5, 2014.5, 2015.5], "adaptive_substitutions": [0.0, 0.0, 0.0, 1.4175099079408775, 1.4175099079408775, 1.9172436212227055, 1.0, 0.0], "adaptive_substitutions_per_codon": [0.0, 0.0, 0.0, 0.000631688907282031, 0.000631688907282031, 0.0008543866404735765, 0.000445632798573975, 0.0], "rate_of_adaptation": 2.7850401770658968e-05, "bootstrap_adaptive_substitutions": [[0.0, 0.0, 0.0, 1.4977658103485918, 1.4977658103485918, 2.0, 0.0, 0.0], [0.0, 0.0, 0.0, 2.9259304379606506, 2.9259304379606506, 3.921483827739538, 0.0, 0.0], [0.0, 0.0, 0.0, 0.0, 0.0, 0.0, 0.0, 0.0], [0.0, 0.0, 0.0, 3.0064479034046574, 3.0064479034046574, 4.0, 1.0, 0.0], [0.0, 0.0, 0.0, 1.2648793565683647, 1.2648793565683647, 1.7628954423592493, 2.0, 0.0], [0.0, 0.0, 0.0, 1.4995640921790587, 1.4995640921790587, 2.0, 2.0, 0.0], [0.0, 0.0, 0.0, 2.8875897371380046, 2.8875897371380046, 3.901546663311762, 0.0, 0.0], [0.0, 0.0, 0.0, 1.4177083554404806, 1.4177083554404806, 1.9173794010908551, 1.0, 0.0], [0.0, 0.0, 0.0, 0.0, 0.0, 0.0, 0.0, 0.0], [0.0, 0.0, 0.0, 4.506844410885966, 4.506844410885966, 6.0, 1.0, 0.0], [0.0, 0.0, 0.0, 1.1581937201819594, 1.1581937201819594, 1.6590702318872739, 0.0, 0.0], [0.0, 0.0, 0.0, 1.4987777380491971, 1.4987777380491971, 2.0, 3.0, 0.0], [0.0, 0.0, 0.0, 0.0, 0.0, 0.0, 0.0, 0.0], [0.0, 0.0, 0.0, 1.2805464836971758, 1.2805464836971758, 1.776473619204219, 1.0, 0.0], [0.0, 0.0, 0.0, 0.0, 0.0, 0.0, 2.0, 0.0], [0.0, 0.0, 0.0, 0.0, 0.0, 0.0, 1.0, 0.0], [0.0, 0.0, 0.0, 0.0, 0.0, 0.0, 2.0, 0.0], [0.0, 0.0, 0.0, 0.0, 0.0, 0.0, 0.0, 0.0], [0.0, 0.0, 0.0, 1.3955408198877821, 1.3955408198877821, 1.9022121399232192, 1.0, 0.0], [0.0, 0.0, 0.0, 1.4212288985773984, 1.4212288985773984, 1.919788193763483, 0.0, 0.0], [0.0, 0.0, 0.0, 3.013734202781465, 3.013734202781465, 4.0, 2.0, 0.0], [0.0, 0.0, 0.0, 1.4990039052667161, 1.4990039052667161, 2.0, 0.0, 0.0], [0.0, 0.0, 0.0, 1.404271169605165, 1.404271169605165, 1.9081855370982708, 2.0, 0.0], [0.0, 0.0, 0.0, 2.937851121351374, 2.937851121351374, 3.9276825831027145, 2.0, 0.0], [0.0, 0.0, 0.0, 4.511615411996212, 4.511615411996212, 6.0, 2.0, 0.0], [0.0, 0.0, 0.0, 2.8754948895919954, 2.8754948895919954, 3.8952573425878376, 1.0, 0.0], [0.0, 0.0, 0.0, 2.850378169645028, 2.850378169645028, 3.844995589757124, 2.0, 0.0], [0.0, 0.0, 0.0, 0.0, 0.0, 0.0, 2.0, 0.0], [0.0, 0.0, 0.0, 0.0, 0.0, 0.0, 2.0, 0.0], [0.0, 0.0, 0.0, 0.0, 0.0, 0.0, 0.0, 0.0], [0.0, 0.0, 0.0, 0.0, 0.0, 0.0, 0.0, 0.0], [0.0, 0.0, 0.0, 2.806104435966061, 2.806104435966061, 3.814703035134673, 2.0, 0.0], [0.0, 0.0, 0.0, 1.3138726296023713, 1.3138726296023713, 1.8175215115519268, 0.0, 0.0], [0.0, 0.0, 0.0, 5.876604905051126, 5.876604905051126, 7.902590912585531, 1.0, 0.0], [0.0, 0.0, 0.0, 2.9237471420626586, 2.9237471420626586, 3.9203485138725824, 3.0, 0.0], [0.0, 0.0, 0.0, 3.0044500953591866, 3.0044500953591866, 4.0, 0.0, 0.0], [0.0, 0.0, 0.0, 0.0, 0.0, 0.0, 0.0, 0.0], [0.0, 0.0, 0.0, 1.5021241977763717, 1.5021241977763717, 2.0, 0.0, 0.0], [0.0, 0.0, 0.0, 1.3186576736872593, 1.3186576736872593, 1.821409359870898, 2.0, 0.0], [0.0, 0.0, 0.0, 4.3076365995518975, 4.3076365995518975, 5.818148899735212, 0.0, 0.0], [0.0, 0.0, 0.0, 0.0, 0.0, 0.0, 1.0, 0.0], [0.0, 0.0, 0.0, 2.9431543553640855, 2.9431543553640855, 3.930440264789324, 1.0, 0.0], [0.0, 0.0, 0.0, 1.5017052696034805, 1.5017052696034805, 2.0, 1.0, 0.0], [0.0, 0.0, 0.0, 0.0, 0.0, 0.0, 0.0, 0.0], [0.0, 0.0, 0.0, 1.4982011060627867, 1.4982011060627867, 2.0, 1.0, 0.0], [0.0, 0.0, 0.0, 4.484306486652184, 4.484306486652184, 6.0, 0.0, 0.0], [0.0, 0.0, 0.0, 4.236438929247816, 4.236438929247816, 5.740721372643242, 1.0, 0.0], [0.0, 0.0, 0.0, 0.0, 0.0, 0.0, 0.0, 0.0], [0.0, 0.0, 0.0, 4.434016185812084, 4.434016185812084, 5.923942271469583, 1.0, 0.0], [0.0, 0.0, 0.0, 0.0, 0.0, 0.0, 1.0, 0.0], [0.0, 0.0, 0.0, 2.6430731877944895, 2.6430731877944895, 3.6474969650830227, 0.0, 0.0], [0.0, 0.0, 0.0, 0.0, 0.0, 0.0, 0.0, 0.0], [0.0, 0.0, 0.0, 2.914699295793649, 2.914699295793649, 3.915643633812697, 4.0, 0.0], [0.0, 0.0, 0.0, 0.0, 0.0, 0.0, 1.0, 0.0], [0.0, 0.0, 0.0, 1.310201840787986, 1.310201840787986, 1.8145389956402387, 0.0, 0.0], [0.0, 0.0, 0.0, 1.503799397665404, 1.503799397665404, 2.0, 1.0, 0.0], [0.0, 0.0, 0.0, 4.4362687086668995, 4.4362687086668995, 5.924886877828055, 1.0, 0.0], [0.0, 0.0, 0.0, 2.924688815259246, 2.924688815259246, 3.920838183934808, 1.0, 0.0], [0.0, 0.0, 0.0, 1.4295517742799562, 1.4295517742799562, 1.925482792928391, 1.0, 0.0], [0.0, 0.0, 0.0, 0.0, 0.0, 0.0, 0.0, 0.0], [0.0, 0.0, 0.0, 2.9930748708633708, 2.9930748708633708, 4.0, 3.0, 0.0], [0.0, 0.0, 0.0, 1.5025459633847709, 1.5025459633847709, 2.0, 3.0, 0.0], [0.0, 0.0, 0.0, 0.0, 0.0, 0.0, 1.0, 0.0], [0.0, 0.0, 0.0, 4.515081768625076, 4.515081768625076, 6.0, 0.0, 0.0], [0.0, 0.0, 0.0, 0.0, 0.0, 0.0, 2.0, 0.0], [0.0, 0.0, 0.0, 2.949684445773462, 2.949684445773462, 3.9338359118022, 1.0, 0.0], [0.0, 0.0, 0.0, 2.899386710764463, 2.899386710764463, 3.9076810895975207, 0.0, 0.0], [0.0, 0.0, 0.0, 1.4062379598202, 1.4062379598202, 1.9095312356664524, 2.0, 0.0], [0.0, 0.0, 0.0, 2.904180187058599, 2.904180187058599, 3.9101736972704715, 1.0, 0.0], [0.0, 0.0, 0.0, 1.2335544438812613, 1.2335544438812613, 1.735747184697093, 3.0, 0.0], [0.0, 0.0, 0.0, 1.4998763790419043, 1.4998763790419043, 2.0, 1.0, 0.0], [0.0, 0.0, 0.0, 1.2145338643340868, 1.2145338643340868, 1.7192626824228752, 1.0, 0.0], [0.0, 0.0, 0.0, 2.930244906086149, 2.930244906086149, 3.923727351164797, 1.0, 0.0], [0.0, 0.0, 0.0, 1.4085441222804793, 1.4085441222804793, 1.91110913629717, 2.0, 0.0], [0.0, 0.0, 0.0, 2.85098249848283, 2.85098249848283, 3.8454090779093044, 0.0, 0.0], [0.0, 0.0, 0.0, 4.497113145138667, 4.497113145138667, 6.0, 0.0, 0.0], [0.0, 0.0, 0.0, 1.3358957075451403, 1.3358957075451403, 1.8354152623804265, 0.0, 0.0], [0.0, 0.0, 0.0, 1.3234316982606995, 1.3234316982606995, 1.8252882548368183, 0.0, 0.0], [0.0, 0.0, 0.0, 1.1720166509347474, 1.1720166509347474, 1.671463204286325, 0.0, 0.0], [0.0, 0.0, 0.0, 0.0, 0.0, 0.0, 2.0, 0.0], [0.0, 0.0, 0.0, 0.0, 0.0, 0.0, 0.0, 0.0], [0.0, 0.0, 0.0, 1.4163771095001574, 1.4163771095001574, 1.9164685486053707, 2.0, 0.0], [0.0, 0.0, 0.0, 1.5023946650500153, 1.5023946650500153, 2.0, 1.0, 0.0], [0.0, 0.0, 0.0, 0.0, 0.0, 0.0, 2.0, 0.0], [0.0, 0.0, 0.0, 0.0, 0.0, 0.0, 1.0, 0.0], [0.0, 0.0, 0.0, 1.4990156987107444, 1.4990156987107444, 2.0, 2.0, 0.0], [0.0, 0.0, 0.0, 2.8139808578518255, 2.8139808578518255, 3.8200921658986173, 2.0, 0.0], [0.0, 0.0, 0.0, 0.0, 0.0, 0.0, 0.0, 0.0], [0.0, 0.0, 0.0, 0.0, 0.0, 0.0, 2.0, 0.0], [0.0, 0.0, 0.0, 0.0, 0.0, 0.0, 0.0, 0.0], [0.0, 0.0, 0.0, 2.9171006718400085, 2.9171006718400085, 3.916892349356804, 1.0, 0.0], [0.0, 0.0, 0.0, 1.4042155226161983, 1.4042155226161983, 1.908147462842662, 2.0, 0.0], [0.0, 0.0, 0.0, 2.837289516567083, 2.837289516567083, 3.8360401955458987, 1.0, 0.0], [0.0, 0.0, 0.0, 1.3272605210157042, 1.3272605210157042, 1.8283991733252596, 0.0, 0.0], [0.0, 0.0, 0.0, 0.0, 0.0, 0.0, 0.0, 0.0], [0.0, 0.0, 0.0, 3.0078010533401973, 3.0078010533401973, 4.0, 3.0, 0.0], [0.0, 0.0, 0.0, 0.0, 0.0, 0.0, 3.0, 0.0], [0.0, 0.0, 0.0, 0.0, 0.0, 0.0, 0.0, 0.0], [0.0, 0.0, 0.0, 1.500578034682081, 1.500578034682081, 2.0, 0.0, 0.0], [0.0, 0.0, 0.0, 1.4971408074718393, 1.4971408074718393, 2.0, 0.0, 0.0]],