{"cov": "hku1", "gene": "spike", "window": 3, "clade": null, "min_seqs": 3, "midfreq_high": 0.75, "midfreq_low": 0.15, "window_midpoint": [2006.5, 2007.5, 2008.5, 2009.5, 2010.5, 2011.5, 2014.5, 2015.5], "adaptive_substitutions": [0.0, 0.0, 0.0, 1.3686470089205376, 1.3686470089205376, 1.833003419111031, 0.8330034191110309, 0.0], "adaptive_substitutions_per_codon": [0.0, 0.0, 0.0, 0.0010085829100372422, 0.0010085829100372422, 0.0013507762852697355, 0.0006138566095143927, 0.0], "rate_of_adaptation": 3.885583074013978e-05, "bootstrap_adaptive_substitutions": [[0.0, 0.0, 0.0, 0.0, 0.0, 0.0, 1.8247946812671099, 0.0], [0.0, 0.0, 0.0, 1.4684153203848247, 1.4684153203848247, 1.9278907242693775, 4.71156289707751, 0.0], [0.0, 0.0, 0.0, 0.0, 0.0, 0.0, 0.0, 0.0], [0.0, 0.0, 0.0, 1.2781954887218043, 1.2781954887218043, 1.7434210526315788, 0.7434210526315789, 0.0], [0.0, 0.0, 0.0, 0.0, 0.0, 0.0, 0.0, 0.0], [0.0, 0.0, 0.0, 1.140339035850575, 1.140339035850575, 1.60294384880974, 0.682355079047792, 0.0], [0.0, 0.0, 0.0, 0.0, 0.0, 0.0, 0.0, 0.0], [0.0, 0.0, 0.0, 1.4436347816629507, 1.4436347816629507, 1.9105443471640655, 0.8210886943281308, 0.0], [0.0, 0.0, 0.0, 0.0, 0.0, 0.0, 1.0, 0.0], [0.0, 0.0, 0.0, 1.3875924871940808, 1.3875924871940808, 1.848605577689243, 0.0, 0.0], [0.0, 0.0, 0.0, 0.0, 0.0, 0.0, 1.9104845814977973, 0.0], [0.0, 0.0, 0.0, 2.80607881071174, 2.80607881071174, 3.7380612972202423, 0.0, 0.0], [0.0, 0.0, 0.0, 2.878450890426938, 2.878450890426938, 3.8149156232988566, 0.0, 0.0], [0.0, 0.0, 0.0, 4.43815896758231, 4.43815896758231, 5.8319228498327105, 0.8319228498327101, 0.0], [0.0, 0.0, 0.0, 5.883892999430848, 5.883892999430848, 7.718725099601594, 0.789043824701195, 0.0], [0.0, 0.0, 0.0, 2.821373219513395, 2.821373219513395, 3.7499569485104183, 0.7499569485104183, 0.0], [0.0, 0.0, 0.0, 0.0, 0.0, 0.0, 0.8343854437430374, 0.0], [0.0, 0.0, 0.0, 4.533582647718774, 4.533582647718774, 5.9209424083769635, 1.9209424083769633, 0.0], [0.0, 0.0, 0.0, 0.0, 0.0, 0.0, 0.0, 0.0], [0.0, 0.0, 0.0, 3.0038824333561176, 3.0038824333561176, 3.9251674641148324, 0.0, 0.0], [0.0, 0.0, 0.0, 1.2867652578635236, 1.2867652578635236, 1.7509196006305832, 0.8339464004203888, 0.0], [0.0, 0.0, 0.0, 0.0, 0.0, 0.0, 0.9137157107231919, 0.0], [0.0, 0.0, 0.0, 1.3596262311642393, 1.3596262311642393, 1.8255745433117265, 1.9127872716558632, 0.0], [0.0, 0.0, 0.0, 0.0, 0.0, 0.0, 0.0, 0.0], [0.0, 0.0, 0.0, 1.3697920576533291, 1.3697920576533291, 1.8339464004203887, 0.0, 0.0], [0.0, 0.0, 0.0, 1.4481187015749226, 1.4481187015749226, 1.9136830911024458, 0.7410492733073377, 0.0], [0.0, 0.0, 0.0, 0.0, 0.0, 0.0, 0.0, 0.0], [0.0, 0.0, 0.0, 2.9844709641983322, 2.9844709641983322, 3.9147151345683326, 0.9147151345683328, 0.0], [0.0, 0.0, 0.0, 1.4563710426641892, 1.4563710426641892, 1.9194597298649325, 1.6778389194597298, 0.0], [0.0, 0.0, 0.0, 3.0805020385322566, 3.0805020385322566, 4.0, 0.0, 0.0], [0.0, 0.0, 0.0, 0.0, 0.0, 0.0, 0.0, 0.0], [0.0, 0.0, 0.0, 0.0, 0.0, 0.0, 1.7266244057052296, 0.0], [0.0, 0.0, 0.0, 0.0, 0.0, 0.0, 0.0, 0.0], [0.0, 0.0, 0.0, 1.2480654190220073, 1.2480654190220073, 1.7170572416442562, 0.9056857472147521, 0.0], [0.0, 0.0, 0.0, 4.2503250036111515, 4.2503250036111515, 5.630940343781598, 0.7785642062689586, 0.0], [0.0, 0.0, 0.0, 1.3181818181818181, 1.3181818181818181, 1.7784090909090908, 0.9261363636363636, 0.0], [0.0, 0.0, 0.0, 0.0, 0.0, 0.0, 1.9173267326732673, 0.0], [0.0, 0.0, 0.0, 5.969684594873765, 5.969684594873765, 7.829830166470489, 0.9149150832352446, 0.0], [0.0, 0.0, 0.0, 0.0, 0.0, 0.0, 0.8225056005514388, 0.0], [0.0, 0.0, 0.0, 1.4418611103404266, 1.4418611103404266, 1.9093027772382987, 1.7279083317148958, 0.0], [0.0, 0.0, 0.0, 1.2625367156208274, 1.2625367156208274, 1.7297196261682242, 0.0, 0.0], [0.0, 0.0, 0.0, 1.403911414997109, 1.403911414997109, 1.8620446947035016, 1.7930670420552524, 0.0], [0.0, 0.0, 0.0, 0.0, 0.0, 0.0, 0.6892373485388454, 0.0], [0.0, 0.0, 0.0, 1.4619917501473187, 1.4619917501473187, 1.923394225103123, 0.7701826753093695, 0.0], [0.0, 0.0, 0.0, 0.0, 0.0, 0.0, 0.0, 0.0], [0.0, 0.0, 0.0, 4.413509731586312, 4.413509731586312, 5.816918967052538, 2.0, 0.0], [0.0, 0.0, 0.0, 0.0, 0.0, 0.0, 0.9198129546241773, 0.0], [0.0, 0.0, 0.0, 2.870639889421904, 2.870639889421904, 3.7882754695503698, 0.0, 0.0], [0.0, 0.0, 0.0, 0.0, 0.0, 0.0, 0.0, 0.0], [0.0, 0.0, 0.0, 1.4535344374970167, 1.4535344374970167, 1.9174741062479117, 0.0, 0.0], [0.0, 0.0, 0.0, 1.5371428571428571, 1.5371428571428571, 2.0, 0.0, 0.0], [0.0, 0.0, 0.0, 3.066187160456041, 3.066187160456041, 4.0, 1.7316550615961435, 0.0], [0.0, 0.0, 0.0, 1.311505138021358, 1.311505138021358, 1.7725669957686883, 0.0, 0.0], [0.0, 0.0, 0.0, 0.0, 0.0, 0.0, 0.8145383104125736, 0.0], [0.0, 0.0, 0.0, 2.908253037285295, 2.908253037285295, 3.835777126099707, 0.7536656891495601, 0.0], [0.0, 0.0, 0.0, 1.4525578433453619, 1.4525578433453619, 1.9167904903417532, 0.0, 0.0], [0.0, 0.0, 0.0, 1.0322368099956072, 1.0322368099956072, 1.4967543559959, 0.0, 0.0], [0.0, 0.0, 0.0, 0.0, 0.0, 0.0, 3.815750371471025, 0.0], [0.0, 0.0, 0.0, 0.0, 0.0, 0.0, 2.8616843279419966, 0.0], [0.0, 0.0, 0.0, 0.0, 0.0, 0.0, 0.819013145361021, 0.0], [0.0, 0.0, 0.0, 1.2162961839010695, 1.2162961839010695, 1.6792352628783855, 2.8396176314391925, 0.0], [0.0, 0.0, 0.0, 4.439255084538104, 4.439255084538104, 5.832590051457976, 1.916295025728988, 0.0], [0.0, 0.0, 0.0, 0.0, 0.0, 0.0, 1.0, 0.0], [0.0, 0.0, 0.0, 3.0677048070413, 3.0677048070413, 4.0, 0.8246445497630331, 0.0], [0.0, 0.0, 0.0, 1.2977784316610268, 1.2977784316610268, 1.7605561277033985, 1.920185375901133, 0.0], [0.0, 0.0, 0.0, 3.069163651840817, 3.069163651840817, 4.0, 0.9140242604809534, 0.0], [0.0, 0.0, 0.0, 0.0, 0.0, 0.0, 0.909798110761252, 0.0], [0.0, 0.0, 0.0, 0.0, 0.0, 0.0, 1.0, 0.0], [0.0, 0.0, 0.0, 1.2464621776854452, 1.2464621776854452, 1.7156544054747647, 0.6208725406330196, 0.0], [0.0, 0.0, 0.0, 1.2815546144786627, 1.2815546144786627, 1.7463602876688298, 1.0, 0.0], [0.0, 0.0, 0.0, 1.4498480243161094, 1.4498480243161094, 1.9148936170212765, 0.0, 0.0], [0.0, 0.0, 0.0, 0.0, 0.0, 0.0, 0.0, 0.0], [0.0, 0.0, 0.0, 1.2369374030005171, 1.2369374030005171, 1.6978789446456286, 0.0, 0.0], [0.0, 0.0, 0.0, 1.0596438863729927, 1.0596438863729927, 1.5223342939481266, 0.7611671469740633, 0.0], [0.0, 0.0, 0.0, 2.847313749581146, 2.847313749581146, 3.7701329163408914, 0.6168881939014855, 0.0], [0.0, 0.0, 0.0, 1.156706307391239, 1.156706307391239, 1.6180189673340357, 1.8472075869336144, 0.0], [0.0, 0.0, 0.0, 1.3233486943164359, 1.3233486943164359, 1.7956989247311825, 0.8978494623655913, 0.0], [0.0, 0.0, 0.0, 0.0, 0.0, 0.0, 2.0, 0.0], [0.0, 0.0, 0.0, 1.5308880308880308, 1.5308880308880308, 2.0, 0.0, 0.0], [0.0, 0.0, 0.0, 0.0, 0.0, 0.0, 0.0, 0.0], [0.0, 0.0, 0.0, 4.271504424778761, 4.271504424778761, 5.647787610619469, 1.718230088495575, 0.0], [0.0, 0.0, 0.0, 2.9408628335597653, 2.9408628335597653, 3.8586039834918355, 0.0, 0.0], [0.0, 0.0, 0.0, 0.0, 0.0, 0.0, 0.0, 0.0], [0.0, 0.0, 0.0, 0.0, 0.0, 0.0, 0.0, 0.0], [0.0, 0.0, 0.0, 0.0, 0.0, 0.0, 1.6491978609625666, 0.0], [0.0, 0.0, 0.0, 1.3615798256999814, 1.3615798256999814, 1.827183385870573, 1.0, 0.0], [0.0, 0.0, 0.0, 0.0, 0.0, 0.0, 2.9151103565365024, 0.0], [0.0, 0.0, 0.0, 0.0, 0.0, 0.0, 0.7049274255156606, 0.0], [0.0, 0.0, 0.0, 2.982342630303655, 2.982342630303655, 3.9135691086250453, 2.9135691086250453, 0.0], [0.0, 0.0, 0.0, 0.0, 0.0, 0.0, 0.9154113557358052, 0.0], [0.0, 0.0, 0.0, 1.4533935080715152, 1.4533935080715152, 1.9173754556500606, 0.0, 0.0], [0.0, 0.0, 0.0, 2.904144117429016, 2.904144117429016, 3.832900882200311, 2.7493513233004667, 0.0], [0.0, 0.0, 0.0, 4.417975301112975, 4.417975301112975, 5.819637139807897, 0.8196371398078974, 0.0], [0.0, 0.0, 0.0, 1.460678141793284, 1.460678141793284, 1.9224746992552988, 2.7674240977658964, 0.0], [0.0, 0.0, 0.0, 1.4508710801393727, 1.4508710801393727, 1.915609756097561, 2.7468292682926827, 0.0], [0.0, 0.0, 0.0, 1.2034994778799377, 1.2034994778799377, 1.6676769477625244, 0.0, 0.0], [0.0, 0.0, 0.0, 1.4525275885472964, 