{"cov": "hku1", "gene": "replicase1ab", "window": 3, "clade": "A", "min_seqs": 3, "midfreq_high": 0.75, "midfreq_low": 0.15, "window_midpoint": [2006.5, 2008.5, 2009.5, 2010.5, 2011.5], "adaptive_substitutions": [0.0, 0.6622996035166352, 3.3066466372792873, 3.3066466372792873, 4.2120324082054825], "adaptive_substitutions_per_codon": [0.0, 3.073458645489977e-05, 0.00015344779977165008, 0.00015344779977165008, 0.0001954630102652319], "rate_of_adaptation": 4.190931574999327e-05, "bootstrap_adaptive_substitutions": [[0.0, 0.0, 3.356308411214953, 3.356308411214953, 4.242990654205608], [0.0, 0.0, 2.2702223434729234, 2.2702223434729234, 2.4950211430909834], [0.0, 0.0, 0, 0, 0.0], [0.0, 0.0, 0.9033816425120772, 0.9033816425120772, 1.00805152979066], [0.0, 1.7591145833333335, 5.154296875, 5.154296875, 6.27734375], [0.0, 0.7548915917503967, 4.3819407720782655, 4.3819407720782655, 5.482548915917504], [0.0, 0.6348532839299588, 6.065080977708719, 6.065080977708719, 7.904559851789877], [0.0, 0.0, 2.4193100527108435, 2.4193100527108435, 2.818206419427711], [0.0, 0.0, 0.2572241681260945, 0.2572241681260945, 0.19702276707530653], [0.0, 0.0, 2.809463881198087, 2.809463881198087, 3.508683614397181], [0.0, 0.8586543179587831, 7.369748221295388, 7.369748221295388, 9.434617271835133], [0.0, 2.7617523997046516, 3.2368939207482157, 3.2368939207482157, 3.4639428993354664], [0.0, 1.7803660565723793, 3.7975992393629667, 3.7975992393629667, 4.487520798668886], [0.0, 0.0, 4.144714734458324, 4.144714734458324, 4.968880122726276], [0.0, 0.0, 5.967391304347826, 5.967391304347826, 7.442934782608695], [0.0, 1.7448802304596864, 5.108543597906134, 5.108543597906134, 6.2346406913790595], [0.0, 1.7054966670309257, 4.326662191485708, 4.326662191485708, 5.234291334280407], [0.0, 0.7241762310255462, 2.659702755593167, 2.659702755593167, 3.338022954461311], [0.0, 0.0, 0.4593874833555258, 0.4593874833555258, 0.499334221038615], [0.0, 0.0, 1.1384066372547543, 1.1384066372547543, 1.2807432279824735], [0.0, 0.8171118153010413, 2.048890900860118, 2.048890900860118, 2.4970574920778636], [0.0, 0.5464663327768501, 2.391764051196438, 2.391764051196438, 3.0929326655537004], [0.0, 0.46013936459194527, 3.61197253201505, 3.61197253201505, 4.766032833353018], [0.0, 0.0, 0.43408848258374483, 0.43408848258374483, 0.31509408781529435], [0.0, 0.0, 3.4407309221738305, 3.4407309221738305, 4.032001514864609], [0.0, 0.0, 3.2593239853612404, 3.2593239853612404, 4.136148690324438], [0.0, 2.642915642915643, 6.171171171171172, 6.171171171171172, 7.571662571662571], [0.0, 0.0, 2.638363264615104, 2.638363264615104, 3.293708570461146], [0.0, 1.7447447447447448, 5.261261261261261, 5.261261261261261, 6.387387387387387], [0.0, 0.8718025880228709, 5.8376467047848335, 5.8376467047848335, 7.4017454107733975], [0.0, 0.0, 2.2291041577368196, 2.2291041577368196, 2.7188169738534076], [0.0, 1.7336995462144733, 3.7370432290422735, 3.7370432290422735, 4.414139001671842], [0.0, 1.83447529751172, 3.935448972232239, 3.935448972232239, 4.613775694194014], [0.0, 0.8476005119471974, 3.620344612390391, 3.620344612390391, 4.542801535841592], [0.0, 0.0, 2.6369958275382475, 2.6369958275382475, 2.9283727399165507], [0.0, 0.8145901923410155, 6.073557442384336, 6.073557442384336, 7.629180384682031], [0.0, 2.4270818522204847, 2.4270818522204847, 2.4270818522204847, 2.5677046305512112], [0.0, 1.782433521353747, 6.005640612409348, 6.005640612409348, 7.347300564061241], [0.0, 0.0, 5.154616814707705, 5.154616814707705, 6.183639743854576], [0.0, 0.8304431599229287, 2.755619781631342, 2.755619781631342, 3.434810533076429], [0.0, 1.8341174087246208, 3.4921836312069514, 3.4921836312069514, 4.170587043623104], [0.0, 1.8300409988818487, 5.96161013790533, 5.96161013790533, 7.320163995527395], [0.0, 0.0, 2.765938815287704, 2.765938815287704, 3.4893364594220504], [0.0, 0.0, 2.1056305825686676, 2.1056305825686676, 2.349937505715941], [0.0, 0.7900241351568785, 4.083668543845535, 4.083668543845535, 5.230088495575221], [0.0, 0.0, 5.245241821984296, 5.245241821984296, 6.786115458981678], [0.0, 0.5440900562851783, 4.165103189493434, 4.165103189493434, 5.290806754221388], [0.0, 0.0, 2.096925704526046, 2.096925704526046, 2.4005123825789925], [0.0, 0.0, 0.26661898350723656, 0.26661898350723656, 0.4312521036687984], [0.0, 0.8293392878503928, 2.925615056421708, 2.925615056421708, 3.5904142908409424], [0.0, 0.0, 3.1997449437338186, 3.1997449437338186, 4.12955320294276], [0.0, 0.0, 1.607326021038446, 1.607326021038446, 1.5204956388275372], [0.0, 0.41677607124215077, 4.235396466364025, 4.235396466364025, 5.614843169200109], [0.0, 0.26351019301486156, 2.5179034417312027, 2.5179034417312027, 3.4451881852535964], [0.0, 0.0, 4.334738673626448, 4.334738673626448, 5.312888978116844], [0.0, 0.6926229508196722, 4.897540983606557, 4.897540983606557, 6.262295081967213], [0.0, 1.3758363601605814, 3.5056053199333648, 3.5056053199333648, 4.188587268208756], [0.0, 0.0, 0.7997486280317075, 0.7997486280317075, 0.9196480792443906], [0.0, 0.672833966171902, 3.448463928201588, 3.448463928201588, 4.3456679323438046], [0.0, 0.0, 5.989893754858771, 5.989893754858771, 7.59264058046126], [0.0, 0.0, 1.9784350540897528, 1.9784350540897528, 2.3288722477539925], [0.0, 0.0, 0.4868652076180677, 0.4868652076180677, 0.29086659434795725], [0.0, 0.32872949854822264, 3.005807109785765, 3.005807109785765, 3.9451463548614925], [0.0, 0.0, 4.181818181818182, 4.181818181818182, 5.05638665132336], [0.0, 0.8037860576923077, 4.189265324519231, 4.189265324519231, 5.313251201923077], [0.0, 0.0, 2.497757847533632, 2.497757847533632, 2.9899103139013454], [0.0, 0.6778538337410859, 5.693391806777367, 5.693391806777367, 7.518127635208995], [0.0, 0.7445201142082635, 4.093699658930575, 4.093699658930575, 5.2335603426247905], [0.0, 2.5000456495937184, 5.924198849630238, 5.924198849630238, 7.062585592988222], [0.0, 0.0, 1.802429942235165, 1.802429942235165, 2.1424070272592735], [0.0, 0.0, 1.6548223350253812, 1.6548223350253812, 2.142131979695432], [0.0, 0.7033218785796106, 2.002290950744559, 2.002290950744559, 2.4490263459335626], [0.0, 1.6686926691028414, 3.6519315385189053, 3.6519315385189053, 4.337385338205682], [0.0, 0.6108176632157194, 2.342488907669554, 2.342488907669554, 3.027044158039298], [0.0, 0.0, 2.6950168706951843, 2.6950168706951843, 3.2590279133320323], [0.0, 0.0, 0.2471955505878235, 0.2471955505878235, 0.029599903039444486], [0.0, 0.7336138759918633, 3.56441870215376, 3.56441870215376, 4.467227751983726], [0.0, 0.0, 4.983061174750183, 4.983061174750183, 6.409212771143066], [0.0, 0.9039923954372624, 2.79824144486692, 2.79824144486692, 3.471958174904943], [0.0, 0.6040609137055837, 2.060913705583756, 2.060913705583756, 2.746192893401015], [0.0, 0.0, 2.826418803315091, 2.826418803315091, 3.153062091225686], [0.0, 0.0, 2.8892831795599716, 2.8892831795599716, 3.4371894960965226], [0.0, 0.6310090948462539, 4.001701416816185, 4.001701416816185, 5.139021221307926], [0.0, 0.8126887613256796, 0.8126887613256796, 0.8126887613256796, 0.512990779446767], [0.0, 0.661457687844339, 0.9272677084624311, 0.9272677084624311, 1.1536442196108476], [0.0, 0.0, 4.389305727039605, 4.389305727039605, 5.620856681546206], [0.0, 1.765928035856407, 3.9098982113684917, 3.9098982113684917, 4.590374062748712], [0.0, 1.7253602619007586, 3.7784376947194556, 3.7784376947194556, 4.450720523801517], [0.0, 1.3752768111357163, 5.65324791732574, 5.65324791732574, 7.028208372877781], [0.0, 0.8304431599229287, 3.416184971098266, 3.416184971098266, 4.321772639691715], [0.0, 0.8513993780541982, 5.781763660595292, 5.781763660595292, 7.356063971568192], [0.0, 1.669394913767904, 5.301471304686738, 5.301471304686738, 6.412257624476274], [0.0, 0.0, 1.9787338573834925, 1.9787338573834925, 2.3870399673319382], [0.0, 1.65, 5.85, 5.85, 7.2], [0.0, 0.0, 3.2132031852042124, 3.2132031852042124, 3.817107629077832], [0.0, 0.6561863831712282, 1.923094322551459, 1.923094322551459, 2.381135489708211], [0.0, 1.6404690524078782, 2.646920420477401, 2.646920420477401, 