{"cov": "hku1", "gene": "s1", "window": 3, "clade": "A", "min_seqs": 3, "midfreq_high": 0.75, "midfreq_low": 0.15, "window_midpoint": [2006.5, 2008.5, 2009.5, 2010.5, 2011.5, 2014.5], "adaptive_substitutions": [0.0, 0.0, 3.0576923076923075, 3.0576923076923075, 4.0, 4.652777777777778], "adaptive_substitutions_per_codon": [0.0, 0.0, 0.004087823940765117, 0.004087823940765117, 0.0053475935828877, 0.006220291146761735], "rate_of_adaptation": 0.0008764851365954308, "bootstrap_adaptive_substitutions": [[0.0, 0.0, 4.576923076923077, 4.576923076923077, 6.0, 2.0], [0.0, 0.0, 2.2884615384615383, 2.2884615384615383, 3.0, 3.5277777777777777], [0.0, 0.0, 3.0576923076923075, 3.0576923076923075, 4.0, 5.0], [0.0, 0.0, 8.423076923076923, 8.423076923076923, 11.0, 8.98611111111111], [0.0, 0.0, 3.076923076923077, 3.076923076923077, 4.0, 8.305555555555555], [0.0, 0.0, 3.0384615384615383, 3.0384615384615383, 4.0, 4.0], [0.0, 0.0, 3.019230769230769, 3.019230769230769, 4.0, 3.0], [0.0, 0.0, 3.0384615384615383, 3.0384615384615383, 4.0, 5.430555555555555], [0.0, 0.0, 0.0, 0.0, 0.0, 1.875], [0.0, 0.0, 0.7692307692307693, 0.7692307692307693, 1.0, 4.777777777777778], [0.0, 0.0, 4.596153846153846, 4.596153846153846, 6.0, 3.0], [0.0, 0.0, 3.8461538461538463, 3.8461538461538463, 5.0, 5.75], [0.0, 0.0, 3.8461538461538463, 3.8461538461538463, 5.0, 4.111111111111111], [0.0, 0.0, 1.5384615384615385, 1.5384615384615385, 2.0, 8.625], [0.0, 0.0, 1.5192307692307692, 1.5192307692307692, 2.0, 7.652777777777778], [0.0, 0.0, 0.7692307692307693, 0.7692307692307693, 1.0, 7.180555555555555], [0.0, 0.0, 3.076923076923077, 3.076923076923077, 4.0, 3.5555555555555554], [0.0, 0.0, 6.884615384615385, 6.884615384615385, 9.0, 5.652777777777778], [0.0, 0.0, 4.596153846153846, 4.596153846153846, 6.0, 5.652777777777778], [0.0, 0.0, 6.115384615384616, 6.115384615384616, 8.0, 8.055555555555555], [0.0, 0.0, 9.192307692307693, 9.192307692307693, 12.0, 6.777777777777778], [0.0, 0.0, 7.634615384615385, 7.634615384615385, 10.0, 4.875], [0.0, 0.0, 4.557692307692308, 4.557692307692308, 6.0, 2.875], [0.0, 0.0, 3.8076923076923075, 3.8076923076923075, 5.0, 5.305555555555555], [0.0, 0.0, 6.134615384615385, 6.134615384615385, 8.0, 2.875], [0.0, 0.0, 1.5192307692307692, 1.5192307692307692, 2.0, 6.402777777777778], [0.0, 0.0, 1.5384615384615385, 1.5384615384615385, 2.0, 5.75], [0.0, 0.0, 3.057692307692308, 3.057692307692308, 4.0, 5.625], [0.0, 0.0, 1.5192307692307692, 1.5192307692307692, 2.0, 4.777777777777778], [0.0, 0.0, 2.2884615384615383, 2.2884615384615383, 3.0, 1.875], [0.0, 0.0, 5.3269230769230775, 5.3269230769230775, 7.0, 0.0], [0.0, 0.0, 3.807692307692308, 3.807692307692308, 5.0, 4.652777777777778], [0.0, 0.0, 2.307692307692308, 2.307692307692308, 3.0, 2.6527777777777777], [0.0, 0.0, 2.307692307692308, 2.307692307692308, 3.0, 6.305555555555555], [0.0, 0.0, 4.557692307692308, 4.557692307692308, 6.0, 5.430555555555555], [0.0, 0.0, 3.0576923076923075, 3.0576923076923075, 4.0, 4.0], [0.0, 0.0, 3.057692307692308, 3.057692307692308, 4.0, 7.333333333333334], [0.0, 0.0, 3.0576923076923075, 3.0576923076923075, 4.0, 7.180555555555555], [0.0, 0.0, 0.75, 0.75, 1.0, 4.625], [0.0, 0.0, 2.2884615384615383, 2.2884615384615383, 3.0, 3.6527777777777777], [0.0, 0.0, 0.0, 0.0, 0.0, 2.0], [0.0, 0.0, 2.269230769230769, 2.269230769230769, 3.0, 3.875], [0.0, 0.0, 3.0384615384615383, 3.0384615384615383, 4.0, 5.305555555555555], [0.0, 0.0, 6.865384615384615, 6.865384615384615, 9.0, 4.875], [0.0, 0.0, 2.307692307692308, 2.307692307692308, 3.0, 6.527777777777778], [0.0, 0.0, 2.2884615384615383, 2.2884615384615383, 3.0, 6.430555555555555], [0.0, 0.0, 3.0384615384615383, 3.0384615384615383, 4.0, 1.875], [0.0, 0.0, 6.115384615384615, 6.115384615384615, 8.0, 4.0], [0.0, 0.0, 3.0384615384615383, 3.0384615384615383, 4.0, 2.75], [0.0, 0.0, 3.0576923076923075, 3.0576923076923075, 4.0, 4.652777777777778], [0.0, 0.0, 4.596153846153847, 4.596153846153847, 6.0, 7.875], [0.0, 0.0, 1.5, 1.5, 2.0, 3.6527777777777777], [0.0, 0.0, 3.8461538461538463, 3.8461538461538463, 5.0, 3.5555555555555554], [0.0, 0.0, 6.096153846153846, 6.096153846153846, 8.0, 8.430555555555555], [0.0, 0.0, 0.75, 0.75, 1.0, 4.652777777777778], [0.0, 0.0, 4.596153846153847, 4.596153846153847, 6.0, 5.875], [0.0, 0.0, 3.8076923076923075, 3.8076923076923075, 5.0, 3.7777777777777777], [0.0, 0.0, 2.2884615384615383, 2.2884615384615383, 3.0, 3.875], [0.0, 0.0, 0.75, 0.75, 1.0, 2.75], [0.0, 0.0, 0.7692307692307693, 0.7692307692307693, 1.0, 6.180555555555555], [0.0, 0.0, 1.5384615384615385, 1.5384615384615385, 2.0, 3.5277777777777777], [0.0, 0.0, 0.0, 0.0, 0.0, 4.555555555555555], [0.0, 0.0, 2.2884615384615383, 2.2884615384615383, 3.0, 8.75], [0.0, 0.0, 2.269230769230769, 2.269230769230769, 3.0, 3.5277777777777777], [0.0, 0.0, 3.8461538461538463, 3.8461538461538463, 5.0, 6.986111111111111], [0.0, 0.0, 5.365384615384615, 5.365384615384615, 7.0, 7.402777777777778], [0.0, 0.0, 3.0576923076923075, 3.0576923076923075, 4.0, 4.777777777777778], [0.0, 0.0, 3.8269230769230766, 3.8269230769230766, 5.0, 7.430555555555555], [0.0, 0.0, 7.634615384615384, 7.634615384615384, 10.0, 0.0], [0.0, 0.0, 0.0, 0.0, 0.0, 8.652777777777779], [0.0, 0.0, 5.365384615384615, 5.365384615384615, 7.0, 6.0], [0.0, 0.0, 2.2884615384615383, 2.2884615384615383, 3.0, 2.7777777777777777], [0.0, 0.0, 3.0384615384615383, 3.0384615384615383, 4.0, 4.875], [0.0, 0.0, 0.7692307692307693, 0.7692307692307693, 1.0, 0.0], [0.0, 0.0, 4.576923076923077, 4.576923076923077, 6.0, 3.5555555555555554], [0.0, 0.0, 0.0, 0.0, 0.0, 5.402777777777778], [0.0, 0.0, 3.7884615384615383, 3.7884615384615383, 5.0, 2.875], [0.0, 0.0, 3.8269230769230766, 3.8269230769230766, 5.0, 3.875], [0.0, 0.0, 2.2884615384615383, 2.2884615384615383, 3.0, 6.652777777777778], [0.0, 0.0, 2.2884615384615383, 2.2884615384615383, 3.0, 1.0], [0.0, 0.0, 0.7692307692307693, 0.7692307692307693, 1.0, 3.6527777777777777], [0.0, 0.0, 3.8076923076923075, 3.8076923076923075, 5.0, 4.527777777777778], [0.0, 0.0, 2.307692307692308, 2.307692307692308, 3.0, 3.0], [0.0, 0.0, 3.8269230769230766, 3.8269230769230766, 5.0, 4.652777777777778], [0.0, 0.0, 6.115384615384615, 6.115384615384615, 8.0, 4.652777777777778], [0.0, 0.0, 1.5384615384615385, 1.5384615384615385, 2.0, 6.111111111111111], [0.0, 0.0, 4.596153846153846, 4.596153846153846, 6.0, 2.7777777777777777], [0.0, 0.0, 3.0384615384615383, 3.0384615384615383, 4.0, 4.333333333333334], [0.0, 0.0, 5.384615384615385, 5.384615384615385, 7.0, 5.5], [0.0, 0.0, 2.2884615384615383, 2.2884615384615383, 3.0, 4.75], [0.0, 0.0, 3.807692307692308, 3.807692307692308, 5.0, 3.875], [0.0, 0.0, 3.076923076923077, 3.076923076923077, 4.0, 5.208333333333334], [0.0, 0.0, 5.365384615384616, 5.365384615384616, 7.0, 3.0], [0.0, 0.0, 5.365384615384615, 5.365384615384615, 7.0, 0.875], [0.0, 0.0, 3.076923076923077, 3.076923076923077, 4.0, 4.652777777777778], [0.0, 0.0, 5.326923076923077, 5.326923076923077, 7.0, 1.875], [0.0, 0.0, 2.2884615384615383, 2.2884615384615383, 3.0, 3.6527777777777777], [0.0, 0.0, 3.076923076923077, 3.076923076923077, 4.0, 4.430555555555555], [0.0, 0.0, 3.8461538461538463, 3.8461538461538463, 5.0, 1.875], [0.0, 0.0, 1.5384615384615385, 1.5384615384615385, 2.0, 5.305555555555555]],