{"cov": "hku1", "gene": "spike", "window": 3, "clade": "A", "min_seqs": 3, "midfreq_high": 0.75, "midfreq_low": 0.15, "window_midpoint": [2006.5, 2008.5, 2009.5, 2010.5, 2011.5, 2014.5], "adaptive_substitutions": [0.0, 0.0, 3.1071428571428568, 3.1071428571428568, 4.0, 4.75], "adaptive_substitutions_per_codon": [0.0, 0.0, 0.002289714706811243, 0.002289714706811243, 0.0029476787030213707, 0.0035003684598378776], "rate_of_adaptation": 0.0004911231257425594, "bootstrap_adaptive_substitutions": [[0.0, 0.0, 2.321428571428571, 2.321428571428571, 3.0, 0.875], [0.0, 0.0, 3.142857142857143, 3.142857142857143, 4.0, 2.75], [0.0, 0.0, 6.999999999999999, 6.999999999999999, 9.0, 3.875], [0.0, 0.0, 1.5357142857142856, 1.5357142857142856, 2.0, 2.875], [0.0, 0.0, 6.25, 6.25, 8.0, 7.5], [0.0, 0.0, 4.642857142857142, 4.642857142857142, 6.0, 3.0], [0.0, 0.0, 3.1071428571428568, 3.1071428571428568, 4.0, 7.375], [0.0, 0.0, 3.892857142857143, 3.892857142857143, 5.0, 3.75], [0.0, 0.0, 0.0, 0.0, 0.0, 1.875], [0.0, 0.0, 2.321428571428571, 2.321428571428571, 3.0, 4.75], [0.0, 0.0, 3.071428571428571, 3.071428571428571, 4.0, 0.0], [0.0, 0.0, 2.321428571428571, 2.321428571428571, 3.0, 5.75], [0.0, 0.0, 3.9285714285714284, 3.9285714285714284, 5.0, 6.5], [0.0, 0.0, 3.8928571428571423, 3.8928571428571423, 5.0, 1.875], [0.0, 0.0, 3.9285714285714284, 3.9285714285714284, 5.0, 8.5], [0.0, 0.0, 1.5714285714285714, 1.5714285714285714, 2.0, 4.875], [0.0, 0.0, 1.5714285714285714, 1.5714285714285714, 2.0, 6.75], [0.0, 0.0, 7.035714285714285, 7.035714285714285, 9.0, 4.5], [0.0, 0.0, 0.0, 0.0, 0.0, 7.0], [0.0, 0.0, 1.5714285714285714, 1.5714285714285714, 2.0, 7.625], [0.0, 0.0, 1.5714285714285714, 1.5714285714285714, 2.0, 4.0], [0.0, 0.0, 0.7857142857142857, 0.7857142857142857, 1.0, 2.75], [0.0, 0.0, 3.8571428571428568, 3.8571428571428568, 5.0, 5.5], [0.0, 0.0, 1.5, 1.5, 2.0, 2.0], [0.0, 0.0, 2.321428571428571, 2.321428571428571, 3.0, 2.0], [0.0, 0.0, 2.321428571428571, 2.321428571428571, 3.0, 6.5], [0.0, 0.0, 3.1071428571428568, 3.1071428571428568, 4.0, 4.0], [0.0, 0.0, 4.678571428571429, 4.678571428571429, 6.0, 5.5], [0.0, 0.0, 0.0, 0.0, 0.0, 2.875], [0.0, 0.0, 1.5357142857142856, 1.5357142857142856, 2.0, 3.625], [0.0, 0.0, 2.357142857142857, 2.357142857142857, 3.0, 3.875], [0.0, 0.0, 4.714285714285714, 4.714285714285714, 6.0, 3.625], [0.0, 0.0, 1.5714285714285714, 1.5714285714285714, 2.0, 2.875], [0.0, 0.0, 5.428571428571428, 5.428571428571428, 7.0, 13.0], [0.0, 0.0, 1.5714285714285714, 1.5714285714285714, 2.0, 6.375], [0.0, 0.0, 4.642857142857142, 4.642857142857142, 6.0, 2.875], [0.0, 0.0, 3.1071428571428568, 3.1071428571428568, 4.0, 7.75], [0.0, 0.0, 0.0, 0.0, 0.0, 5.75], [0.0, 0.0, 2.2857142857142856, 2.2857142857142856, 3.0, 7.875], [0.0, 0.0, 5.392857142857142, 5.392857142857142, 7.0, 6.5], [0.0, 0.0, 2.321428571428571, 2.321428571428571, 3.0, 8.375], [0.0, 0.0, 4.714285714285714, 4.714285714285714, 6.0, 5.0], [0.0, 0.0, 3.071428571428571, 3.071428571428571, 4.0, 5.625], [0.0, 0.0, 6.25, 6.25, 8.0, 6.625], [0.0, 0.0, 7.857142857142857, 7.857142857142857, 10.0, 3.75], [0.0, 0.0, 3.071428571428571, 3.071428571428571, 4.0, 4.75], [0.0, 0.0, 3.1071428571428568, 3.1071428571428568, 4.0, 2.75], [0.0, 0.0, 0.7857142857142857, 0.7857142857142857, 1.0, 1.875], [0.0, 0.0, 1.5357142857142856, 1.5357142857142856, 2.0, 5.75], [0.0, 0.0, 2.321428571428571, 2.321428571428571, 3.0, 3.875], [0.0, 0.0, 4.571428571428571, 4.571428571428571, 6.0, 4.75], [0.0, 0.0, 2.321428571428571, 2.321428571428571, 3.0, 3.875], [0.0, 0.0, 1.5357142857142856, 1.5357142857142856, 2.0, 7.5], [0.0, 0.0, 2.321428571428571, 2.321428571428571, 3.0, 3.625], [0.0, 0.0, 3.8928571428571423, 3.8928571428571423, 5.0, 1.875], [0.0, 0.0, 5.464285714285714, 5.464285714285714, 7.0, 1.75], [0.0, 0.0, 6.2142857142857135, 6.2142857142857135, 8.0, 4.625], [0.0, 0.0, 1.5357142857142856, 1.5357142857142856, 2.0, 3.875], [0.0, 0.0, 3.071428571428571, 3.071428571428571, 4.0, 4.375], [0.0, 0.0, 3.071428571428571, 3.071428571428571, 4.0, 3.0], [0.0, 0.0, 2.357142857142857, 2.357142857142857, 3.0, 2.875], [0.0, 0.0, 3.107142857142857, 3.107142857142857, 4.0, 5.625], [0.0, 0.0, 3.892857142857143, 3.892857142857143, 5.0, 3.625], [0.0, 0.0, 0.0, 0.0, 0.0, 5.75], [0.0, 0.0, 4.607142857142857, 4.607142857142857, 6.0, 3.0], [0.0, 0.0, 3.071428571428571, 3.071428571428571, 4.0, 1.0], [0.0, 0.0, 4.642857142857142, 4.642857142857142, 6.0, 4.625], [0.0, 0.0, 0.75, 0.75, 1.0, 6.75], [0.0, 0.0, 7.821428571428571, 7.821428571428571, 10.0, 1.875], [0.0, 0.0, 4.678571428571428, 4.678571428571428, 6.0, 4.875], [0.0, 0.0, 5.392857142857142, 5.392857142857142, 7.0, 3.75], [0.0, 0.0, 4.678571428571429, 4.678571428571429, 6.0, 7.375], [0.0, 0.0, 3.8928571428571423, 3.8928571428571423, 5.0, 7.375], [0.0, 0.0, 0.0, 0.0, 0.0, 7.875], [0.0, 0.0, 0.0, 0.0, 0.0, 2.75], [0.0, 0.0, 5.428571428571428, 5.428571428571428, 7.0, 2.875], [0.0, 0.0, 4.678571428571429, 4.678571428571429, 6.0, 5.375], [0.0, 0.0, 6.249999999999999, 6.249999999999999, 8.0, 2.75], [0.0, 0.0, 3.142857142857143, 3.142857142857143, 4.0, 2.75], [0.0, 0.0, 1.5357142857142856, 1.5357142857142856, 2.0, 2.875], [0.0, 0.0, 8.607142857142858, 8.607142857142858, 11.0, 3.875], [0.0, 0.0, 3.9285714285714284, 3.9285714285714284, 5.0, 4.625], [0.0, 0.0, 3.8928571428571423, 3.8928571428571423, 5.0, 9.75], [0.0, 0.0, 4.642857142857142, 4.642857142857142, 6.0, 7.875], [0.0, 0.0, 1.5, 1.5, 2.0, 4.75], [0.0, 0.0, 2.357142857142857, 2.357142857142857, 3.0, 0.0], [0.0, 0.0, 3.0357142857142856, 3.0357142857142856, 4.0, 2.0], [0.0, 0.0, 4.678571428571428, 4.678571428571428, 6.0, 4.75], [0.0, 0.0, 3.142857142857143, 3.142857142857143, 4.0, 5.625], [0.0, 0.0, 0.75, 0.75, 1.0, 3.0], [0.0, 0.0, 1.5714285714285714, 1.5714285714285714, 2.0, 2.0], [0.0, 0.0, 0.0, 0.0, 0.0, 4.375], [0.0, 0.0, 2.321428571428571, 2.321428571428571, 3.0, 1.875], [0.0, 0.0, 0.0, 0.0, 0.0, 4.625], [0.0, 0.0, 0.75, 0.75, 1.0, 7.5], [0.0, 0.0, 2.321428571428571, 2.321428571428571, 3.0, 1.75], [0.0, 0.0, 3.142857142857143, 3.142857142857143, 4.0, 1.875], [0.0, 0.0, 1.5, 1.5, 2.0, 1.0], [0.0, 0.0, 6.214285714285714, 6.214285714285714, 8.0, 5.5], [0.0, 0.0, 4.714285714285714, 4.714285714285714, 6.0, 1.875]],