{"virus": "measles", "gene": "P", "window": 3, "min_seqs": 3, "midfreq_high": 0.75, "midfreq_low": 0.15, "window_midpoint": [1996.5, 1997.5, 1998.5, 2003.5, 2004.5, 2005.5, 2006.5, 2007.5, 2008.5, 2009.5, 2010.5, 2011.5, 2012.5, 2013.5, 2014.5, 2015.5, 2016.5], "adaptive_substitutions": [0.0, 0.0, 0.0, 6.73290703393999, 0.0, 0.0, 0.0, 0.0, 0.0, 0.0, 1.3923828262244395, 5.473714953271028, 5.64387604525332, 0.8707929335456494, 0.9009971828466663, 0.9009971828466663, 8.027545499262175], "adaptive_substitutions_per_codon": [0.0, 0.0, 0.0, 0.00441791800127296, 0.0, 0.0, 0.0, 0.0, 0.0, 0.0, 0.0009136370250816532, 0.0035916764785242964, 0.0037033307383551968, 0.0005713864393344155, 0.0005912055005555554, 0.0005912055005555554, 0.005267418306602477], "rate_of_adaptation": 0.0001167726593945902}