{"virus": "measles", "gene": "L", "window": 3, "min_seqs": 3, "midfreq_high": 0.75, "midfreq_low": 0.15, "window_midpoint": [1996.5, 1997.5, 1998.5, 2003.5, 2004.5, 2005.5, 2006.5, 2007.5, 2008.5, 2009.5, 2010.5, 2011.5, 2012.5, 2013.5, 2014.5, 2015.5, 2016.5], "adaptive_substitutions": [0.0, 0.0, 0.0, 7.62384506968732, 0.0, 0.0, 0.0, 0.0, 0.0, 0, 0.5525246273275713, 5.134298167771571, 5.347724223060838, 0.6759851468198108, 0.805345304588401, 0.8858902750952655, 11.594143133058417], "adaptive_substitutions_per_codon": [0.0, 0.0, 0.0, 0.0011635905173515446, 0.0, 0.0, 0.0, 0.0, 0.0, 0.0, 8.432915557502615e-05, 0.0007836230414791775, 0.0008161972257418861, 0.00010317233620570983, 0.00012291595002875475, 0.00013520913844555335, 0.001769557865240906], "rate_of_adaptation": 3.222746169434068e-05}