{"cov": "nl63", "gene": "s2", "window": 3, "clade": "B", "min_seqs": 3, "midfreq_high": 0.75, "midfreq_low": 0.15, "window_midpoint": [1988.5, 1989.5, 1990.5, 1991.5, 2004.5, 2005.5, 2006.5, 2014.5], "adaptive_substitutions": [0.0, 0.0, 0.0, 0.0, 1.0, 1.0, 1.0, 3.1876247504990025], "adaptive_substitutions_per_codon": [0.0, 0.0, 0.0, 0.0, 0.0005482456140350877, 0.0005482456140350877, 0.0005482456140350877, 0.001747601288650769], "rate_of_adaptation": 5.4741395972223736e-05, "bootstrap_adaptive_substitutions": [[0.0, 0.0, 0.0, 0.0, 0.0, 0.0, 0.0, 1.4659685863874345], [0.0, 0.0, 0.0, 0.0, 0.0, 0.0, 0.0, 2.8659649122807016], [0.0, 0.0, 0.0, 0.0, 3.0, 3.0, 3.0, 6.07910447761194], [0.0, 0.0, 0.0, 0.0, 0.0, 0.0, 0.0, 2.3791044776119405], [0.0, 0.0, 0.0, 0.0, 1.0, 1.0, 1.0, 4.129533678756477], [0.0, 0.0, 0.0, 0.0, 1.0, 1.0, 1.0, 2.3344632768361584], [0.0, 0.0, 0.0, 0.0, 1.0, 1.0, 1.0, 3.291956782713086], [0.0, 0.0, 0.0, 0.0, 1.0, 1.0, 1.0, 4.062992125984252], [0.0, 0.0, 0.0, 0.0, 1.0, 1.0, 1.0, 0.9674267100977199], [0.0, 0.0, 0.0, 0.0, 0.0, 0.0, 0.0, 2.2968622100954983], [0.0, 0.0, 0.0, 0.0, 1.0, 1.0, 1.0, 1.594236311239193], [0.0, 0.0, 0.0, 0.0, 1.0, 1.0, 1.0, 2.096774193548387], [0.0, 0.0, 0.0, 0.0, 0.0, 0.0, 0.0, 1.5690140845070424], [0.0, 0.0, 0.0, 0.0, 0.0, 0.0, 0.0, 1.5095343680709534], [0.0, 0.0, 0.0, 0.0, 1.0, 1.0, 1.0, 3.3402597402597407], [0.0, 0.0, 0.0, 0.0, 2.0, 2.0, 2.0, 4.002682563338301], [0.0, 0.0, 0.0, 0.0, 1.0, 1.0, 1.0, 4.662447257383967], [0.0, 0.0, 0.0, 0.0, 2.0, 2.0, 2.0, 4.168927789934354], [0.0, 0.0, 0.0, 0.0, 1.0, 1.0, 1.0, 4.702970297029703], [0.0, 0.0, 0.0, 0.0, 1.0, 1.0, 1.0, 3.928], [0.0, 0.0, 0.0, 0.0, 2.0, 2.0, 2.0, 2.0], [0.0, 0.0, 0.0, 0.0, 1.0, 1.0, 1.0, 1.537639198218263], [0.0, 0.0, 0.0, 0.0, 1.0, 1.0, 1.0, 4.786967418546366], [0.0, 0.0, 0.0, 0.0, 1.0, 1.0, 1.0, 4.832558139534884], [0.0, 0.0, 0.0, 0.0, 0.0, 0.0, 0.0, 3.1214876033057855], [0.0, 0.0, 0.0, 0.0, 2.0, 2.0, 2.0, 4.160315374507228], [0.0, 0.0, 0.0, 0.0, 1.0, 1.0, 1.0, 4.038532110091743], [0.0, 0.0, 0.0, 0.0, 0.0, 0.0, 0.0, 2.2476821192052983], [0.0, 0.0, 0.0, 0.0, 1.0, 1.0, 1.0, 1.7120567375886524], [0.0, 0.0, 0.0, 0.0, 0.0, 0.0, 0.0, 2.2327485380116965], [0.0, 0.0, 0.0, 0.0, 1.0, 1.0, 1.0, 3.9363636363636365], [0.0, 0.0, 0.0, 0.0, 1.0, 1.0, 1.0, 1.6383838383838385], [0.0, 0.0, 0.0, 0.0, 1.0, 1.0, 1.0, 3.2677165354330713], [0.0, 0.0, 0.0, 0.0, 1.0, 1.0, 1.0, 4.055257731958763], [0.0, 0.0, 0.0, 0.0, 1.0, 1.0, 1.0, 3.176], [0.0, 0.0, 0.0, 0.0, 2.0, 2.0, 2.0, 2.759175257731959], [0.0, 0.0, 0.0, 0.0, 1.0, 1.0, 1.0, 0.8936708860759494], [0.0, 0.0, 0.0, 0.0, 0.0, 0.0, 0.0, 3.8675496688741724], [0.0, 0.0, 0.0, 0.0, 1.0, 1.0, 1.0, 3.242335766423358], [0.0, 0.0, 0.0, 0.0, 1.0, 1.0, 1.0, 3.139938080495356], [0.0, 0.0, 0.0, 0.0, 1.0, 1.0, 1.0, 1.7160493827160495], [0.0, 0.0, 0.0, 0.0, 0.0, 0.0, 0.0, 2.320958083832336], [0.0, 0.0, 0.0, 0.0, 2.0, 2.0, 2.0, 2.671900826446281], [0.0, 0.0, 0.0, 0.0, 3.0, 3.0, 3.0, 6.848303393213573], [0.0, 0.0, 0.0, 0.0, 2.0, 2.0, 2.0, 2.0], [0.0, 0.0, 0.0, 0.0, 0.0, 0.0, 0.0, 1.2357723577235773], [0.0, 0.0, 0.0, 0.0, 0.0, 0.0, 0.0, 2.3360000000000003], [0.0, 0.0, 0.0, 0.0, 3.0, 3.0, 3.0, 6.039525691699605], [0.0, 0.0, 0.0, 0.0, 0.0, 0.0, 0.0, 0.7288888888888889], [0.0, 0.0, 0.0, 0.0, 1.0, 1.0, 1.0, 1.6666666666666667], [0.0, 0.0, 0.0, 0.0, 1.0, 1.0, 1.0, 3.0554455445544555], [0.0, 0.0, 0.0, 0.0, 0.0, 0.0, 0.0, 2.3022222222222224], [0.0, 0.0, 0.0, 0.0, 1.0, 1.0, 1.0, 1.4695095948827293], [0.0, 0.0, 0.0, 0.0, 3.0, 3.0, 3.0, 5.980039920159681], [0.0, 0.0, 0.0, 0.0, 0.0, 0.0, 0.0, 0.512], [0.0, 0.0, 0.0, 0.0, 2.0, 2.0, 2.0, 5.867321867321867], [0.0, 0.0, 0.0, 0.0, 2.0, 2.0, 2.0, 5.721393034825871], [0.0, 0.0, 0.0, 0.0, 0.0, 0.0, 0.0, 3.073684210526316], [0.0, 0.0, 0.0, 0.0, 1.0, 1.0, 1.0, 4.634551495016612], [0.0, 0.0, 0.0, 0.0, 2.0, 2.0, 2.0, 5.139489194499018], [0.0, 0.0, 0.0, 0.0, 0.0, 0.0, 0.0, 1.4561247216035635], [0.0, 0.0, 0.0, 0.0, 1.0, 1.0, 1.0, 2.4555339805825245], [0.0, 0.0, 0.0, 0.0, 1.0, 1.0, 1.0, 3.3063829787234047], [0.0, 0.0, 0.0, 0.0, 0.0, 0.0, 0.0, 2.2429319371727754], [0.0, 0.0, 0.0, 0.0, 0.0, 0.0, 0.0, 2.1903485254691692], [0.0, 0.0, 0.0, 0.0, 0.0, 0.0, 0.0, 0.6000000000000001], [0.0, 0.0, 0.0, 0.0, 0.0, 0.0, 0.0, 3.9575971731448765], [0.0, 0.0, 0.0, 0.0, 2.0, 2.0, 2.0, 2.740618556701031], [0.0, 0.0, 0.0, 0.0, 2.0, 2.0, 2.0, 3.3857740585774057], [0.0, 0.0, 0.0, 0.0, 1.0, 1.0, 1.0, 1.540766550522648], [0.0, 0.0, 0.0, 0.0, 0.0, 0.0, 0.0, 3.9014778325123154], [0.0, 0.0, 0.0, 0.0, 0.0, 0.0, 0.0, 1.4457142857142857], [0.0, 0.0, 0.0, 0.0, 1.0, 1.0, 1.0, 3.1855932203389834], [0.0, 0.0, 0.0, 0.0, 1.0, 1.0, 1.0, 4.088], [0.0, 0.0, 0.0, 0.0, 1.0, 1.0, 1.0, 4.008], [0.0, 0.0, 0.0, 0.0, 1.0, 1.0, 1.0, 4.827586206896552], [0.0, 0.0, 0.0, 0.0, 1.0, 1.0, 1.0, 1.7519450800915333], [0.0, 0.0, 0.0, 0.0, 0.0, 0.0, 0.0, 2.3402597402597407], [0.0, 0.0, 0.0, 0.0, 2.0, 2.0, 2.0, 4.224634655532359], [0.0, 0.0, 0.0, 0.0, 0.0, 0.0, 0.0, 2.650526315789474], [0.0, 0.0, 0.0, 0.0, 2.0, 2.0, 2.0, 2.5335243553008597], [0.0, 0.0, 0.0, 0.0, 2.0, 2.0, 2.0, 2.72803738317757], [0.0, 0.0, 0.0, 0.0, 1.0, 1.0, 1.0, 1.640993788819876], [0.0, 0.0, 0.0, 0.0, 1.0, 1.0, 1.0, 2.457894736842105], [0.0, 0.0, 0.0, 0.0, 1.0, 1.0, 1.0, 1.5344680851063832], [0.0, 0.0, 0.0, 0.0, 0.0, 0.0, 0.0, 0], [0.0, 0.0, 0.0, 0.0, 0.0, 0.0, 0.0, 1.54863813229572], [0.0, 0.0, 0.0, 0.0, 0.0, 0.0, 0.0, 2.3031914893617027], [0.0, 0.0, 0.0, 0.0, 0.0, 0.0, 0.0, 2.2359249329758715], [0.0, 0.0, 0.0, 0.0, 1.0, 1.0, 1.0, 4.12041884816754], [0.0, 0.0, 0.0, 0.0, 2.0, 2.0, 2.0, 4.254822335025381], [0.0, 0.0, 0.0, 0.0, 1.0, 1.0, 1.0, 2.344658493870403], [0.0, 0.0, 0.0, 0.0, 1.0, 1.0, 1.0, 6.14263862332696], [0.0, 0.0, 0.0, 0.0, 1.0, 1.0, 1.0, 3.1855932203389834], [0.0, 0.0, 0.0, 0.0, 1.0, 1.0, 1.0, 1.6042372881355933], [0.0, 0.0, 0.0, 0.0, 0.0, 0.0, 0.0, 1.3369565217391304], [0.0, 0.0, 0.0, 0.0, 0.0, 0.0, 0.0, 1.2831137724550898], [0.0, 0.0, 0.0, 0.0, 1.0, 1.0, 1.0, 3.2930693069306933], [0.0, 0.0, 0.0, 0.0, 2.0, 2.0, 2.0, 2.653731343283582], [0.0, 0.0, 0.0, 0.0, 2.0, 2.0, 2.0, 2.6949913644214165]],