{"cov": "nl63", "gene": "replicase1ab", "window": 3, "clade": null, "min_seqs": 2, "midfreq_high": 0.75, "midfreq_low": 0.15, "window_midpoint": [1988.5, 1989.5, 1990.5, 1991.5, 2000.5, 2001.5, 2002.5, 2004.5, 2005.5, 2006.5, 2007.5, 2008.5, 2009.5, 2010.5, 2011.5, 2014.5, 2015.5, 2016.5, 2017.5], "adaptive_substitutions": [0.0, 0.0, 0.0, 0.0, 2.7410511025486413, 2.7410511025486413, 3.7764254587597335, 5.323271610721842, 5.323271610721842, 5.050431983117998, 3.7764254587597335, 3.670573946809101, 10.40010056487841, 10.77041699987598, 19.441063646899334, 4.332633415584359, 6.347733677732777, 6.603638431899142, 5.610737393996672], "adaptive_substitutions_per_codon": [0.0, 0.0, 0.0, 0.0, 0.0001357628084471838, 0.0001357628084471838, 0.0001870443515978075, 0.00026365882172966034, 0.00026365882172966034, 0.00025014521956998504, 0.0001870443515978075, 0.00018180158230852406, 0.0005151114692857063, 0.0005334530460562645, 0.0009629055793412251, 0.00021459303692839818, 0.0003143998849793352, 0.00032707471183254794, 0.00027789684962836416], "rate_of_adaptation": 1.5931136069108262e-05}