{"cov": "nl63", "gene": "s2", "window": 3, "clade": "B", "min_seqs": 3, "midfreq_high": 0.75, "midfreq_low": 0.15, "window_midpoint": [1988.5, 1989.5, 1990.5, 1991.5, 2004.5, 2005.5, 2006.5, 2014.5], "adaptive_substitutions": [0.0, 0.0, 0.0, 0.0, 1.0, 1.0, 1.0, 3.1388788426763115], "adaptive_substitutions_per_codon": [0.0, 0.0, 0.0, 0.0, 0.0005208333333333333, 0.0005208333333333333, 0.0005208333333333333, 0.001634832730560579], "rate_of_adaptation": 5.14358931255727e-05, "bootstrap_adaptive_substitutions": [[0.0, 0.0, 0.0, 0.0, 1.0, 1.0, 1.0, 5.4319999999999995], [0.0, 0.0, 0.0, 0.0, 0.0, 0.0, 0.0, 2.2656250000000004], [0.0, 0.0, 0.0, 0.0, 0.0, 0.0, 0.0, 1.5181619256017507], [0.0, 0.0, 0.0, 0.0, 1.0, 1.0, 1.0, 3.274157303370787], [0.0, 0.0, 0.0, 0.0, 0.0, 0.0, 0.0, 2.2991762767710053], [0.0, 0.0, 0.0, 0.0, 0.0, 0.0, 0.0, 1.5138028169014086], [0.0, 0.0, 0.0, 0.0, 2.0, 2.0, 2.0, 4.110344827586207], [0.0, 0.0, 0.0, 0.0, 1.0, 1.0, 1.0, 2.375346687211094], [0.0, 0.0, 0.0, 0.0, 0.0, 0.0, 0.0, 6.3999999999999995], [0.0, 0.0, 0.0, 0.0, 0.0, 0.0, 0.0, 1.8842857142857148], [0.0, 0.0, 0.0, 0.0, 1.0, 1.0, 1.0, 3.201769911504425], [0.0, 0.0, 0.0, 0.0, 1.0, 1.0, 1.0, 3.364065335753176], [0.0, 0.0, 0.0, 0.0, 2.0, 2.0, 2.0, 2.6859538784067087], [0.0, 0.0, 0.0, 0.0, 1.0, 1.0, 1.0, 3.216], [0.0, 0.0, 0.0, 0.0, 1.0, 1.0, 1.0, 1.6857142857142857], [0.0, 0.0, 0.0, 0.0, 1.0, 1.0, 1.0, 3.2379785604900464], [0.0, 0.0, 0.0, 0.0, 0.0, 0.0, 0.0, 6.163919129082426], [0.0, 0.0, 0.0, 0.0, 0.0, 0.0, 0.0, 2.1836734693877555], [0.0, 0.0, 0.0, 0.0, 0.0, 0.0, 0.0, 6.326666666666666], [0.0, 0.0, 0.0, 0.0, 0.0, 0.0, 0.0, 3.133980582524272], [0.0, 0.0, 0.0, 0.0, 0.0, 0.0, 0.0, 3.0471138845553822], [0.0, 0.0, 0.0, 0.0, 0.0, 0.0, 0.0, 1.9557344064386322], [0.0, 0.0, 0.0, 0.0, 2.0, 2.0, 2.0, 3.333333333333333], [0.0, 0.0, 0.0, 0.0, 1.0, 1.0, 1.0, 1.2695652173913046], [0.0, 0.0, 0.0, 0.0, 3.0, 3.0, 3.0, 8.080510018214936], [0.0, 0.0, 0.0, 0.0, 0.0, 0.0, 0.0, 2.2848598130841125], [0.0, 0.0, 0.0, 0.0, 1.0, 1.0, 1.0, 3.581146025878004], [0.0, 0.0, 0.0, 0.0, 1.0, 1.0, 1.0, 2.34390243902439], [0.0, 0.0, 0.0, 0.0, 0.0, 0.0, 0.0, 2.170149253731344], [0.0, 0.0, 0.0, 0.0, 0.0, 0.0, 0.0, 2.7506382978723405], [0.0, 0.0, 0.0, 0.0, 1.0, 1.0, 1.0, 4.62707182320442], [0.0, 0.0, 0.0, 0.0, 0.0, 0.0, 0.0, 2.9936962750716334], [0.0, 0.0, 0.0, 0.0, 1.0, 1.0, 1.0, 2.8375000000000004], [0.0, 0.0, 0.0, 0.0, 2.0, 2.0, 2.0, 4.907070707070707], [0.0, 0.0, 0.0, 0.0, 0.0, 0.0, 0.0, 2.155555555555556], [0.0, 0.0, 0.0, 0.0, 3.0, 3.0, 3.0, 4.384], [0.0, 0.0, 0.0, 0.0, 2.0, 2.0, 2.0, 4.572658227848102], [0.0, 0.0, 0.0, 0.0, 0.0, 0.0, 0.0, 2.341368078175896], [0.0, 0.0, 0.0, 0.0, 4.0, 4.0, 4.0, 4.5120000000000005], [0.0, 0.0, 0.0, 0.0, 5.0, 5.0, 5.0, 6.380108499095841], [0.0, 0.0, 0.0, 0.0, 0.0, 0.0, 0.0, 3.903669724770642], [0.0, 0.0, 0.0, 0.0, 2.0, 2.0, 2.0, 2.670539419087137], [0.0, 0.0, 0.0, 0.0, 0.0, 0.0, 0.0, 0.7218785796105385], [0.0, 0.0, 0.0, 0.0, 1.0, 1.0, 1.0, 1.4839059674502713], [0.0, 0.0, 0.0, 0.0, 1.0, 1.0, 1.0, 2.3841666666666668], [0.0, 0.0, 0.0, 0.0, 1.0, 1.0, 1.0, 2.0931506849315067], [0.0, 0.0, 0.0, 0.0, 1.0, 1.0, 1.0, 1.6577507598784194], [0.0, 0.0, 0.0, 0.0, 2.0, 2.0, 2.0, 3.3836978131212723], [0.0, 0.0, 0.0, 0.0, 1.0, 1.0, 1.0, 3.8908665105386415], [0.0, 0.0, 0.0, 0.0, 0.0, 0.0, 0.0, 0.6543657331136739], [0.0, 0.0, 0.0, 0.0, 2.0, 2.0, 2.0, 3.3545454545454545], [0.0, 0.0, 0.0, 0.0, 0.0, 0.0, 0.0, 0.0], [0.0, 0.0, 0.0, 0.0, 0.0, 0.0, 0.0, 0.9341825902335457], [0.0, 0.0, 0.0, 0.0, 1.0, 1.0, 1.0, 2.9891891891891893], [0.0, 0.0, 0.0, 0.0, 3.0, 3.0, 3.0, 5.917507418397626], [0.0, 0.0, 0.0, 0.0, 1.0, 1.0, 1.0, 1.592], [0.0, 0.0, 0.0, 0.0, 0.0, 0.0, 0.0, 1.5673469387755103], [0.0, 0.0, 0.0, 0.0, 1.0, 1.0, 1.0, 5.54206471494607], [0.0, 0.0, 0.0, 0.0, 1.0, 1.0, 1.0, 7.084931506849315], [0.0, 0.0, 0.0, 0.0, 0.0, 0.0, 0.0, 2.1648854961832065], [0.0, 0.0, 0.0, 0.0, 2.0, 2.0, 2.0, 4.115231788079471], [0.0, 0.0, 0.0, 0.0, 1.0, 1.0, 1.0, 4.821782178217822], [0.0, 0.0, 0.0, 0.0, 1.0, 1.0, 1.0, 3.9157894736842107], [0.0, 0.0, 0.0, 0.0, 1.0, 1.0, 1.0, 4.770293609671848], [0.0, 0.0, 0.0, 0.0, 1.0, 1.0, 1.0, 1.0], [0.0, 0.0, 0.0, 0.0, 1.0, 1.0, 1.0, 5.686894075403949], [0.0, 0.0, 0.0, 0.0, 2.0, 2.0, 2.0, 4.001716738197425], [0.0, 0.0, 0.0, 0.0, 3.0, 3.0, 3.0, 5.979661016949153], [0.0, 0.0, 0.0, 0.0, 1.0, 1.0, 1.0, 3.176], [0.0, 0.0, 0.0, 0.0, 0.0, 0.0, 0.0, 2.9414448669201523], [0.0, 0.0, 0.0, 0.0, 1.0, 1.0, 1.0, 2.901116427432217], [0.0, 0.0, 0.0, 0.0, 0.0, 0.0, 0.0, 0.0], [0.0, 0.0, 0.0, 0.0, 0.0, 0.0, 0.0, 2.2049751243781097], [0.0, 0.0, 0.0, 0.0, 1.0, 1.0, 1.0, 3.1202453987730063], [0.0, 0.0, 0.0, 0.0, 0.0, 0.0, 0.0, 6.079021879021878], [0.0, 0.0, 0.0, 0.0, 0.0, 0.0, 0.0, 3.666666666666667], [0.0, 0.0, 0.0, 0.0, 0.0, 0.0, 0.0, 2.270588235294118], [0.0, 0.0, 0.0, 0.0, 2.0, 2.0, 2.0, 2.0], [0.0, 0.0, 0.0, 0.0, 1.0, 1.0, 1.0, 6.812244897959183], [0.0, 0.0, 0.0, 0.0, 0.0, 0.0, 0.0, 3.0544802867383516], [0.0, 0.0, 0.0, 0.0, 1.0, 1.0, 1.0, 2.3607594936708862], [0.0, 0.0, 0.0, 0.0, 1.0, 1.0, 1.0, 4.948275862068965], [0.0, 0.0, 0.0, 0.0, 1.0, 1.0, 1.0, 2.4459518599562364], [0.0, 0.0, 0.0, 0.0, 3.0, 3.0, 3.0, 3.8], [0.0, 0.0, 0.0, 0.0, 3.0, 3.0, 3.0, 3.0], [0.0, 0.0, 0.0, 0.0, 3.0, 3.0, 3.0, 5.7894736842105265], [0.0, 0.0, 0.0, 0.0, 1.0, 1.0, 1.0, 1.0], [0.0, 0.0, 0.0, 0.0, 2.0, 2.0, 2.0, 4.2647686832740215], [0.0, 0.0, 0.0, 0.0, 1.0, 1.0, 1.0, 3.372093023255814], [0.0, 0.0, 0.0, 0.0, 0.0, 0.0, 0.0, 0.0], [0.0, 0.0, 0.0, 0.0, 1.0, 1.0, 1.0, 3.2301329394387004], [0.0, 0.0, 0.0, 0.0, 1.0, 1.0, 1.0, 1.975206611570248], [0.0, 0.0, 0.0, 0.0, 2.0, 2.0, 2.0, 3.463448275862069], [0.0, 0.0, 0.0, 0.0, 2.0, 2.0, 2.0, 4.305263157894737], [0.0, 0.0, 0.0, 0.0, 0.0, 0.0, 0.0, 1.0], [0.0, 0.0, 0.0, 0.0, 2.0, 2.0, 2.0, 3.5575757575757576], [0.0, 0.0, 0.0, 0.0, 2.0, 2.0, 2.0, 4.222748815165877], [0.0, 0.0, 0.0, 0.0, 0.0, 0.0, 0.0, 1.4341463414634146], [0.0, 0.0, 0.0, 0.0, 1.0, 1.0, 1.0, 1.5597615499254842], [0.0, 0.0, 0.0, 0.0, 3.0, 3.0, 3.0, 5.180213089802131]],