{"cov": "nl63", "gene": "spike", "window": 3, "clade": null, "min_seqs": 2, "midfreq_high": 0.75, "midfreq_low": 0.15, "window_midpoint": [1988.5, 1989.5, 1990.5, 1991.5, 2000.5, 2001.5, 2002.5, 2003.5, 2004.5, 2005.5, 2006.5, 2007.5, 2008.5, 2009.5, 2010.5, 2011.5, 2012.5, 2013.5, 2014.5, 2015.5, 2016.5, 2017.5], "adaptive_substitutions": [0.0, 0.0, 0.0, 0.0, 1.8420842775403878, 1.8420842775403878, 1.7368071292339795, 4.5262528326211635, 3.802583749227467, 3.802583749227467, 3.3517630192147814, 10.646429503235609, 8.839489231055497, 8.136775469304409, 4.210354933246499, 8.985144346239048, 4.861279646993934, 6.018820474663551, 3.0810031506671605, 4.244186421835795, 5.6382291558245266, 3.502916568776648], "adaptive_substitutions_per_codon": [0.0, 0.0, 0.0, 0.0, 0.00045248938283969244, 0.00045248938283969244, 0.0004266291155082239, 0.0011118282566006297, 0.0009340662611710801, 0.0009340662611710801, 0.0008233267057761684, 0.0026151877924921662, 0.0021713311793307532, 0.00199871664684461, 0.0010342311307409726, 0.00220710988608181, 0.0011941242070729388, 0.001478462410872894, 0.0007568172809302776, 0.0010425414939414872, 0.0013849740004481764, 0.000860456047353635], "rate_of_adaptation": 5.533088603953062e-05}