{"cov": "oc43", "gene": "nonstructural2a", "window": 3, "clade": null, "min_seqs": 2, "midfreq_high": 0.75, "midfreq_low": 0.15, "window_midpoint": [1986.5, 1987.5, 1988.5, 1989.5, 1990.5, 1991.5, 1992.5, 1993.5, 1994.5, 1995.5, 1996.5, 1997.5, 1998.5, 1999.5, 2000.5, 2001.5, 2003.5, 2004.5, 2005.5, 2010.5, 2011.5, 2012.5, 2014.5, 2015.5, 2016.5, 2017.5], "adaptive_substitutions": [0.0, 0.0, 0.0, 0.6285714285714287, 0.0, 0.0, 0.30769230769230776, 0.4285714285714286, 0.0, 0.0, 0.0, 0.0, 0.0, 0.3428571428571429, 0.28571428571428575, 0.0, 0.4285714285714286, 0.4285714285714286, 0.4285714285714286, 0.0, 0.0, 0.0, 1.0, 0.980952380952381, 0.9047619047619049, 0.8701298701298703], "adaptive_substitutions_per_codon": [0.0, 0.0, 0.0, 0.0007509813961426865, 0.0, 0.0, 0.0003676132708390774, 0.0005120327700972862, 0.0, 0.0, 0.0, 0.0, 0.0, 0.00040962621607782903, 0.00034135518006485756, 0.0, 0.0005120327700972862, 0.0005120327700972862, 0.0005120327700972862, 0.0, 0.0, 0.0, 0.0011947431302270011, 0.0011719861182226774, 0.0010809580702053822, 0.0010395816847429754], "rate_of_adaptation": 2.4723405353519485e-05}