{"cov": "oc43", "gene": "spike", "window": 3, "clade": "B", "min_seqs": 3, "midfreq_high": 0.75, "midfreq_low": 0.15, "window_midpoint": [1986.5, 1987.5, 1988.5, 1989.5, 1990.5, 1991.5, 1992.5, 1993.5, 1994.5, 1995.5, 1996.5, 1997.5, 2001.5, 2002.5, 2005.5, 2006.5, 2007.5, 2008.5, 2009.5, 2010.5, 2011.5, 2012.5, 2013.5, 2014.5, 2015.5, 2016.5, 2017.5], "adaptive_substitutions": [0.0, 0.0, 0.0, 0.5089514066496164, 0.5089514066496164, 0.6726342710997443, 2.2634271099744248, 2.2634271099744248, 1.9929667519181589, 1.5907928388746804, 1.5907928388746804, 0.8542199488491049, 0.6905370843989771, 1.8120204603580565, 2.4680306905370846, 26.656969309462916, 38.42199488491049, 40.42750344284871, 38.5605912441703, 38.48785166240409, 38.058686518085494, 35.33558640847644, 38.332198736272, 38.031936604287, 39.32266537637382, 37.38342710997443, 38.8204238217026], "adaptive_substitutions_per_codon": [0.0, 0.0, 0.0, 0.0003736794468793072, 0.0003736794468793072, 0.0004938577614535568, 0.0016618407562220446, 0.0016618407562220446, 0.0014632648692497496, 0.0011679829947684878, 0.0011679829947684878, 0.0006271805791843648, 0.0005070022646101154, 0.001330411498060247, 0.0018120636494398565, 0.01957193047684502, 0.02820998156013986, 0.02968245480385368, 0.028311741001593463, 0.02825833455389434, 0.027943235328990818, 0.025943896041465814, 0.02814405193558884, 0.027923595157332597, 0.028871266796162864, 0.027447450154166247, 0.028502513819164903], "rate_of_adaptation": 0.0011931317214681635}