{"cov": "oc43", "gene": "s1", "window": 3, "clade": "B", "min_seqs": 3, "midfreq_high": 0.75, "midfreq_low": 0.15, "window_midpoint": [1989.5, 1990.5, 1991.5, 1992.5, 1993.5, 1994.5, 1995.5, 1996.5, 1997.5, 2001.5, 2002.5, 2005.5, 2006.5, 2007.5, 2008.5, 2009.5, 2010.5, 2011.5, 2012.5, 2013.5, 2014.5, 2015.5, 2016.5, 2017.5], "adaptive_substitutions": [0.0, 0.0, 0.0, 0.0, 0.0, 0.40217391304347827, 0.0, 0.0, 0.0, 0.0, 0.0, 0.6317135549872124, 23.68893861892583, 34.91304347826087, 36.000393468424164, 35.24025876335189, 35.137468030690535, 34.68683777858969, 32.908476434051884, 34.850477659094324, 34.85035092653764, 35.04175019008779, 33.956317135549874, 34.599378881987576], "adaptive_substitutions_per_codon": [0.0, 0.0, 0.0, 0.0, 0.0, 0.0005340955020497719, 0.0, 0.0, 0.0, 0.0, 0.0, 0.0008389290238874003, 0.031459413836554886, 0.04636526358334776, 0.04780928747466689, 0.04679981243473026, 0.04666330415762355, 0.04606485760768883, 0.04370315595491618, 0.046282174846074796, 0.04628200654254666, 0.04653618883145789, 0.045094710671380975, 0.04594871033464486], "rate_of_adaptation": 0.0022276266692297982}