{"cov": "oc43", "gene": "s1", "window": 3, "clade": "A", "min_seqs": 3, "midfreq_high": 0.75, "midfreq_low": 0.15, "window_midpoint": [1991.5, 1992.5, 1995.5, 1996.5, 1997.5, 1998.5, 1999.5, 2000.5, 2001.5, 2003.5, 2004.5, 2005.5, 2006.5, 2007.5, 2008.5, 2009.5, 2010.5, 2011.5, 2012.5, 2013.5, 2014.5, 2015.5, 2016.5, 2017.5], "adaptive_substitutions": [0.0, 0.0, 5.0, 5.715034965034965, 5.972027972027972, 5.472027972027972, 8.332167832167832, 9.86013986013986, 6.472027972027972, 15.08041958041958, 17.379370629370626, 17.465034965034963, 22.09265734265734, 22.284862196626904, 20.94869084403968, 24.409993232573875, 22.46890946890947, 21.97878787878788, 22.90201262152482, 22.971291866028707, 31.394552815605447, 31.454545454545453, 33.37246963562753, 38.35583647122109], "adaptive_substitutions_per_codon": [0.0, 0.0, 0.006640106241699867, 0.007589687868572331, 0.007930980042533826, 0.00726696941836384, 0.011065295925853693, 0.013094475245869668, 0.008594990666703814, 0.02002711763667939, 0.02308017347857985, 0.023193937536567018, 0.02933951838334308, 0.029594770513448745, 0.02782030656578975, 0.03241698968469306, 0.029839189201739003, 0.029188297315787357, 0.030414359391135216, 0.030506363699905323, 0.041692633221255576, 0.04177230472051189, 0.044319348785693935, 0.05093736583163491], "rate_of_adaptation": 0.0018109911361520424}