{"cov": "oc43", "gene": "membrane", "window": 3, "clade": "A", "min_seqs": 2, "midfreq_high": 0.75, "midfreq_low": 0.15, "window_midpoint": [1991.5, 1992.5, 1995.5, 1996.5, 1997.5, 1998.5, 1999.5, 2000.5, 2003.5, 2004.5, 2005.5, 2014.5, 2015.5, 2016.5, 2017.5], "adaptive_substitutions": [0.0, 0.0, 2.643835616438356, 2.643835616438356, 2.643835616438356, 2.643835616438356, 2.643835616438356, 2.643835616438356, 2.287671232876712, 2.287671232876712, 2.287671232876712, 5.287671232876712, 5.287671232876712, 5.287671232876712, 5.287671232876712], "adaptive_substitutions_per_codon": [0.0, 0.0, 0.003815058609579157, 0.003815058609579157, 0.003815058609579157, 0.003815058609579157, 0.003815058609579157, 0.003815058609579157, 0.003301112890153986, 0.003301112890153986, 0.003301112890153986, 0.007630117219158314, 0.007630117219158314, 0.007630117219158314, 0.007630117219158314], "rate_of_adaptation": 0.0002532548227905859}