{"cov": "oc43", "gene": "s1", "window": 3, "clade": null, "min_seqs": 2, "midfreq_high": 0.75, "midfreq_low": 0.15, "window_midpoint": [1984.5, 1986.5, 1987.5, 1988.5, 1989.5, 1990.5, 1991.5, 1992.5, 1993.5, 1994.5, 1995.5, 1996.5, 1997.5, 1998.5, 1999.5, 2000.5, 2001.5, 2002.5, 2003.5, 2004.5, 2005.5, 2006.5, 2007.5, 2008.5, 2009.5, 2010.5, 2011.5, 2012.5, 2013.5, 2014.5, 2015.5, 2016.5, 2017.5], "adaptive_substitutions": [0.0, 0.0, 0.0, 0.0, 0.4817359855334539, 0.0, 0.0, 27.862706913339846, 0.32730560578661844, 0.4817359855334539, 0, 0.0, 0.0, 0.0, 34.0636528028933, 0.0, 0.0, 0.6623869801084992, 24.120855937311628, 23.53978300180831, 25.448563391601375, 49.77059300367898, 52.02935857887459, 46.85830534745543, 29.597454444289887, 29.759786800102386, 28.551487527558276, 47.23357444243521, 24.09179681078415, 43.403933363334275, 37.49658351043843, 42.987990120589735, 24.153586497890295], "adaptive_substitutions_per_codon": [0.0, 0.0, 0.0, 0.0, 0.00021325187495947496, 0.0, 0.0, 0.012334088939061464, 0.00014488959972847209, 0.00021325187495947496, 0.0, 0.0, 0.0, 0.0, 0.015079084906105933, 0.0, 0.0, 0.0002932213280692781, 0.010677669737632416, 0.010420444002571186, 0.011265410974591135, 0.02203213501712217, 0.023032031243415046, 0.02074294172087447, 0.01310201613293045, 0.013173876405534479, 0.012638994036103707, 0.020909063498200625, 0.010664806025136852, 0.019213781922680067, 0.0165987532140055, 0.01902965476785734, 0.010692158697605265], "rate_of_adaptation": 0.0006610090017592843}