{"cov": "oc43", "gene": "membrane", "window": 3, "clade": null, "min_seqs": 2, "midfreq_high": 0.75, "midfreq_low": 0.15, "window_midpoint": [1984.5, 1986.5, 1987.5, 1988.5, 1989.5, 1990.5, 1991.5, 1992.5, 1993.5, 1994.5, 1995.5, 1996.5, 1997.5, 1998.5, 1999.5, 2000.5, 2001.5, 2003.5, 2004.5, 2005.5, 2010.5, 2011.5, 2012.5, 2014.5, 2015.5, 2016.5, 2017.5], "adaptive_substitutions": [0.0, 0.0, 0.0, 0.0, 0.7652892561983472, 0.0, 0.0, 1.3197711379529564, 0.0, 0.0, 0.0, 0.0, 0.0, 0.0, 3.72396694214876, 3.371900826446281, 0.0, 4.785123966942149, 4.785123966942149, 4.785123966942149, 0.0, 0.0, 0.0, 6.6384297520661155, 6.550413223140499, 6.198347107438016, 6.038317054845981], "adaptive_substitutions_per_codon": [0.0, 0.0, 0.0, 0.0, 0.001104313501007716, 0.0, 0.0, 0.0019044316564977726, 0.0, 0.0, 0.0, 0.0, 0.0, 0.0, 0.005373689671210331, 0.004865657758219741, 0.0, 0.00690494078923831, 0.00690494078923831, 0.00690494078923831, 0.0, 0.0, 0.0, 0.009579263711495116, 0.009452255733247473, 0.008944223820256877, 0.008713300223442974], "rate_of_adaptation": 0.0002460564083648597}