{"cov": "oc43", "gene": "nucleocapsid", "window": 3, "clade": null, "min_seqs": 2, "midfreq_high": 0.75, "midfreq_low": 0.15, "window_midpoint": [1984.5, 1986.5, 1987.5, 1988.5, 1989.5, 1990.5, 1991.5, 1992.5, 1993.5, 1994.5, 1995.5, 1996.5, 1997.5, 1998.5, 1999.5, 2000.5, 2001.5, 2003.5, 2004.5, 2005.5, 2010.5, 2011.5, 2012.5, 2014.5, 2015.5, 2016.5, 2017.5], "adaptive_substitutions": [0.0, 0.0, 0.0, 0.0, 0.601023890784983, 0.0, 0, 2.9278025728537678, 0.6369453924914676, 0.6914675767918089, 0.0, 0.0, 0.0, 0.0, 3.6965870307167235, 4.006399317406144, 0.0, 7.733788395904437, 7.733788395904437, 7.733788395904437, 0.0, 0.0, 0.0, 7.917235494880546, 7.880887372013654, 7.4931740614334466, 7.46245733788396], "adaptive_substitutions_per_codon": [0.0, 0.0, 0.0, 0.0, 0.0004461944252301284, 0.0, 0.0, 0.0021735728083546904, 0.0004728622067494192, 0.0005133389582715731, 0.0, 0.0, 0.0, 0.0, 0.002744311084422215, 0.0029743127820387114, 0.0, 0.005741491014034475, 0.005741491014034475, 0.005741491014034475, 0.0, 0.0, 0.0, 0.0058776803970902345, 0.005850695896075467, 0.005562861218584593, 0.005540057414910141], "rate_of_adaptation": 0.00015659910807109994}