{"cov": "oc43", "gene": "n2protein", "window": 3, "clade": null, "min_seqs": 2, "midfreq_high": 0.75, "midfreq_low": 0.15, "window_midpoint": [1984.5, 1986.5, 1987.5, 1988.5, 1989.5, 1990.5, 1991.5, 1992.5, 1993.5, 1994.5, 1995.5, 1996.5, 1997.5, 1998.5, 1999.5, 2000.5, 2001.5, 2003.5, 2004.5, 2005.5, 2010.5, 2011.5, 2012.5, 2014.5, 2015.5, 2016.5, 2017.5], "adaptive_substitutions": [0.0, 0.0, 0.0, 0.0, 0.7623430962343096, 0.0, 0.0, 2.5265529449629867, 0.0, 0.0, 0.0, 0.0, 0.0, 0.0, 1.3364016736401674, 1.217573221757322, 0.0, 1.6234309623430963, 1.6234309623430963, 1.6234309623430963, 0.0, 0.0, 0.0, 3.0292887029288704, 2.9896792189679218, 2.8312412831241285, 2.759224039558768], "adaptive_substitutions_per_codon": [0.0, 0.0, 0.0, 0.0, 0.0021906410811330735, 0.0, 0.0, 0.007260209611962606, 0.0, 0.0, 0.0, 0.0, 0.0, 0.0, 0.003840234694368297, 0.0034987736257394314, 0.0, 0.004665031500985909, 0.004665031500985909, 0.004665031500985909, 0.0, 0.0, 0.0, 0.008704852594623192, 0.008591032238413569, 0.008135750813575081, 0.00792880471137577], "rate_of_adaptation": 0.00019516129361011383}