{"cov": "oc43", "gene": "spike", "window": 3, "clade": "A", "min_seqs": 3, "midfreq_high": 0.75, "midfreq_low": 0.15, "window_midpoint": [1990.5, 1991.5, 1992.5, 1995.5, 1996.5, 1997.5, 1998.5, 1999.5, 2000.5, 2001.5, 2003.5, 2004.5, 2005.5, 2006.5, 2007.5, 2008.5, 2009.5, 2010.5, 2011.5, 2012.5, 2013.5, 2014.5, 2015.5, 2016.5, 2017.5], "adaptive_substitutions": [0.0, 0.0, 0.0, 4.972027972027972, 5.687062937062937, 5.972027972027972, 5.472027972027972, 8.304195804195803, 9.832167832167832, 6.444055944055944, 16.44055944055944, 19.23951048951049, 19.325174825174823, 23.924825174825173, 24.117030028794733, 22.780858676207515, 26.24216106474171, 24.301077301077303, 23.81095571095571, 24.73418045369265, 24.80345969819654, 33.170776591829224, 33.25874125874126, 35.148693411851305, 40.13206024744486], "adaptive_substitutions_per_codon": [0.0, 0.0, 0.0, 0.0036505344875388925, 0.004175523448651202, 0.004384748878140948, 0.004017641682839921, 0.00609706006181777, 0.00721891911319224, 0.0047313186079705905, 0.012070895330807225, 0.014125925469537805, 0.014188821457543924, 0.017565950935994987, 0.017707070505723007, 0.016726034270343255, 0.01926737229423033, 0.017842200661583922, 0.017482346336971887, 0.01816019122884923, 0.018211057047134025, 0.024354461521166833, 0.024419046445478165, 0.0258066765138409, 0.029465536158182717], "rate_of_adaptation": 0.0010504028880371611}