{"cov": "oc43", "gene": "spike", "window": 3, "clade": "B", "min_seqs": 2, "midfreq_high": 0.75, "midfreq_low": 0.15, "window_midpoint": [1984.5, 1986.5, 1987.5, 1988.5, 1989.5, 1990.5, 1991.5, 1992.5, 1993.5, 1994.5, 1995.5, 1996.5, 1997.5, 1998.5, 2000.5, 2001.5, 2002.5, 2003.5, 2004.5, 2005.5, 2006.5, 2007.5, 2008.5, 2009.5, 2010.5, 2011.5, 2012.5, 2013.5, 2014.5, 2015.5, 2016.5, 2017.5], "adaptive_substitutions": [0.0, 0.0, 0.0, 0.0, 0.6726342710997443, 0.6726342710997443, 0.8363171355498722, 2.4271099744245523, 2.4271099744245523, 2.1566496163682864, 1.7544757033248082, 1.7544757033248082, 1.0997442455242967, 1.0179028132992327, 0.9360613810741689, 0.9360613810741689, 1.9757033248081846, 3.065856777493606, 2.4430946291560103, 2.631713554987212, 26.820652173913043, 38.58567774936061, 40.59118630729884, 38.72427410862043, 38.65153452685422, 38.22236938253562, 35.49926927292657, 38.41404016849706, 38.19561946873712, 39.48634824082395, 37.54710997442456, 38.98410668615272], "adaptive_substitutions_per_codon": [0.0, 0.0, 0.0, 0.0, 0.00016461925381785225, 0.00016461925381785225, 0.00020467869200926876, 0.000594006356932098, 0.000594006356932098, 0.0005278143946079996, 0.00042938710311424575, 0.00042938710311424575, 0.00026914935034857973, 0.00024911963125287144, 0.00022908991215716323, 0.00022908991215716323, 0.00048352993754483225, 0.0007503320551868835, 0.0005979184114429786, 0.0006440806546713687, 0.0065640362638064225, 0.009443386624904702, 0.009934211039475976, 0.009477306438722572, 0.00945950428948953, 0.009354471214521688, 0.008688024785346688, 0.009401380364291988, 0.009347924490635614, 0.009663815036912372, 0.009189209489580167, 0.00954089737791305], "rate_of_adaptation": 0.0003791896373484952}