{"cov": "oc43", "gene": "membrane", "window": 3, "clade": "B", "min_seqs": 2, "midfreq_high": 0.75, "midfreq_low": 0.15, "window_midpoint": [1984.5, 1986.5, 1987.5, 1988.5, 1989.5, 1990.5, 1991.5, 1992.5, 1993.5, 1994.5, 1995.5, 1996.5, 1997.5, 1998.5, 2015.5], "adaptive_substitutions": [0.0, 0.0, 0.0, 0.0, 1.0, 1.0, 0.0, 0.0, 0.0, 0.0, 0.0, 0.0, 0.9607843137254902, 0.9607843137254902, 0.8627450980392157], "adaptive_substitutions_per_codon": [0.0, 0.0, 0.0, 0.0, 0.001443001443001443, 0.001443001443001443, 0.0, 0.0, 0.0, 0.0, 0.0, 0.0, 0.0013864131511190335, 0.0013864131511190335, 0.0012449424214130097], "rate_of_adaptation": 3.9165054644930815e-05}