{"cov": "oc43", "gene": "s2", "window": 3, "clade": "B", "min_seqs": 3, "midfreq_high": 0.75, "midfreq_low": 0.15, "window_midpoint": [1986.5, 1987.5, 1988.5, 1989.5, 1990.5, 1991.5, 1992.5, 1993.5, 1994.5, 1995.5, 1996.5, 1997.5, 2001.5, 2002.5, 2005.5, 2006.5, 2007.5, 2009.5, 2010.5, 2011.5, 2012.5, 2013.5, 2016.5], "adaptive_substitutions": [0.0, 0.0, 0.0, 0.0, 0.0, 0.0, 1.6726342710997444, 1.6726342710997444, 0.8363171355498722, 0.8363171355498722, 0.8363171355498722, 0.6726342710997443, 0.5907928388746804, 0.8363171355498722, 0.8363171355498722, 1.2384910485933505, 1.5089514066496164, 1.565856777493606, 1.5959079283887467, 1.574168797953964, 1.6726342710997444, 1.6726342710997444, 2.4271099744245523], "adaptive_substitutions_per_codon": [0.0, 0.0, 0.0, 0.0, 0.0, 0.0, 0.002806433340771383, 0.002806433340771383, 0.0014032166703856915, 0.0014032166703856915, 0.0014032166703856915, 0.0011285809917780945, 0.0009912631524742958, 0.0014032166703856915, 0.0014032166703856915, 0.0020780051150895143, 0.0025317976621637857, 0.0026272764723047084, 0.0026776978664240715, 0.002641222815359, 0.002806433340771383, 0.002806433340771383, 0.004072332171853276], "rate_of_adaptation": 0.00010310564038570655}