{"cov": "oc43", "gene": "nucleocapsid", "window": 3, "clade": "B", "min_seqs": 2, "midfreq_high": 0.75, "midfreq_low": 0.15, "window_midpoint": [1984.5, 1986.5, 1987.5, 1988.5, 1989.5, 1990.5, 1991.5, 1992.5, 1993.5, 1994.5, 1995.5, 1996.5, 1997.5, 1998.5, 2015.5], "adaptive_substitutions": [0.0, 0.0, 0.0, 0.0, 0.8090909090909091, 0.8090909090909091, 0.8727272727272727, 0.8090909090909091, 0.8090909090909091, 0.8727272727272727, 0.8727272727272727, 0.8727272727272727, 0.8090909090909091, 0.8090909090909091, 2.4909090909090907], "adaptive_substitutions_per_codon": [0.0, 0.0, 0.0, 0.0, 0.0006006614024431396, 0.0006006614024431396, 0.0006479044340959708, 0.0006006614024431396, 0.0006006614024431396, 0.0006479044340959708, 0.0006479044340959708, 0.0006479044340959708, 0.0006006614024431396, 0.0006006614024431396, 0.00184922723898225], "rate_of_adaptation": 5.773062946899542e-05}