{"cov": "oc43", "gene": "s2", "window": 3, "clade": null, "min_seqs": 2, "midfreq_high": 0.75, "midfreq_low": 0.15, "window_midpoint": [1984.5, 1986.5, 1987.5, 1988.5, 1989.5, 1990.5, 1991.5, 1992.5, 1993.5, 1994.5, 1995.5, 1996.5, 1997.5, 1998.5, 1999.5, 2000.5, 2001.5, 2002.5, 2003.5, 2004.5, 2005.5, 2006.5, 2007.5, 2008.5, 2009.5, 2010.5, 2011.5, 2012.5, 2013.5, 2014.5, 2015.5, 2016.5, 2017.5], "adaptive_substitutions": [0.0, 0.0, 0.0, 0.0, 0.0, 0.0, 0.0, 5.970927806370845, 1.2513562386980108, 0.7801084990958409, 0.0, 0.0, 0.0, 0.0, 6.5081374321880645, 0, 0.0, 0.0, 1.4345991561181435, 1.4345991561181435, 1.5567611010648985, 7.037974683544304, 7.267631103074141, 7.809469012000661, 1.9267922767310268, 1.4933360123233541, 0.0, 0.0, 1.2129797066505927, 7.0876029736789254, 6.843279083785417, 6.476793248945147, 6.310208778563209], "adaptive_substitutions_per_codon": [0.0, 0.0, 0.0, 0.0, 0.0, 0.0, 0.0, 0.0033394450818628888, 0.0006998636681756213, 0.00043630229255919514, 0.0, 0.0, 0.0, 0.0, 0.003639897892722631, 0.0, 0.0, 0.0, 0.0008023485213188722, 0.0008023485213188722, 0.0008706717567477061, 0.003936227451646702, 0.0040646706393032105, 0.004367711975391869, 0.0010776243158450933, 0.0008351991120376701, 0.0, 0.0, 0.0006784002833616291, 0.003963983766039667, 0.0038273372951820005, 0.003622367588895496, 0.00352919954058345], "rate_of_adaptation": 9.176046761924972e-05}