{"cov": "oc43", "gene": "nonstructural2", "window": 3, "clade": null, "min_seqs": 2, "midfreq_high": 0.75, "midfreq_low": 0.15, "window_midpoint": [1984.5, 1986.5, 1987.5, 1988.5, 1989.5, 1990.5, 1991.5, 1992.5, 1993.5, 1994.5, 1995.5, 1996.5, 1997.5, 1998.5, 1999.5, 2000.5, 2001.5, 2003.5, 2004.5, 2005.5, 2010.5, 2011.5, 2012.5, 2014.5, 2015.5, 2016.5, 2017.5], "adaptive_substitutions": [0.0, 0.0, 0.0, 0.0, 0.6146341463414635, 0.0, 0.0, 0.0, 0.7113821138211383, 0.7691056910569106, 0.0, 0.0, 0.0, 0.0, 0.15121951219512197, 0.8048780487804877, 0.0, 0.38211382113821135, 0.38211382113821135, 0.38211382113821135, 0.0, 0.0, 0.0, 0.23780487804878048, 0.3826558265582656, 0.3441734417344174, 0.3266814486326682], "adaptive_substitutions_per_codon": [0.0, 0.0, 0.0, 0.0, 0.001862527716186253, 0.0, 0.0, 0.0, 0.0021557033752155706, 0.0023306233062330623, 0.0, 0.0, 0.0, 0.0, 0.00045824094604582415, 0.0024390243902439024, 0.0, 0.001157920670115792, 0.001157920670115792, 0.001157920670115792, 0.0, 0.0, 0.0, 0.0007206208425720621, 0.001159563110782623, 0.0010429498234376285, 0.0009899437837353582], "rate_of_adaptation": 1.2423649997518196e-05}