{"cov": "oc43", "gene": "replicase1ab", "window": 3, "clade": "A", "min_seqs": 2, "midfreq_high": 0.75, "midfreq_low": 0.15, "window_midpoint": [1991.5, 1992.5, 1995.5, 1996.5, 1997.5, 1998.5, 1999.5, 2000.5, 2001.5, 2003.5, 2004.5, 2005.5, 2010.5, 2011.5, 2012.5, 2014.5, 2015.5, 2016.5, 2017.5], "adaptive_substitutions": [0.0, 0.0, 0.0, 0.0, 0.0, 0.0, 2.504837905236908, 5.780299251870324, 0.0, 8.143640897755612, 8.143640897755612, 8.143640897755612, 1.9496259351620948, 1.9496259351620948, 1.9496259351620948, 23.028740648379053, 18.53720698254365, 17.819451371571073, 17.66286556336431], "adaptive_substitutions_per_codon": [0.0, 0.0, 0.0, 0.0, 0.0, 0.0, 0.00011766431347411254, 0.0002715285255482114, 0.0, 0.00038254607749697536, 0.00038254607749697536, 0.00038254607749697536, 9.158333028758432e-05, 9.158333028758432e-05, 9.158333028758432e-05, 0.0010817709812278773, 0.0008707819890334296, 0.0008370655473304713, 0.000829709956941202], "rate_of_adaptation": 3.2453945200566235e-05}