{"cov": "oc43", "gene": "s2", "window": 3, "clade": "A", "min_seqs": 2, "midfreq_high": 0.75, "midfreq_low": 0.15, "window_midpoint": [1990.5, 1991.5, 1992.5, 1995.5, 1996.5, 1997.5, 1998.5, 1999.5, 2000.5, 2001.5, 2002.5, 2003.5, 2004.5, 2005.5, 2006.5, 2007.5, 2008.5, 2009.5, 2010.5, 2011.5, 2012.5, 2013.5, 2014.5, 2015.5, 2016.5, 2017.5], "adaptive_substitutions": [0.0, 0.0, 0.0, 0.0, 0.0, 0.0, 0.0, 0.0, 0.0, 0.0, 0.0, 0.916083916083916, 0.916083916083916, 0.916083916083916, 0.916083916083916, 0.8601398601398601, 0.8321678321678322, 0.8321678321678322, 0.8321678321678322, 0.8321678321678322, 0.8321678321678322, 0.8321678321678322, 0.8321678321678322, 0.8041958041958042, 0.8041958041958042, 0.8041958041958042], "adaptive_substitutions_per_codon": [0.0, 0.0, 0.0, 0.0, 0.0, 0.0, 0.0, 0.0, 0.0, 0.0, 0.0, 0.000512351183492123, 0.000512351183492123, 0.000512351183492123, 0.000512351183492123, 0.0004810625615994743, 0.00046541825065315, 0.00046541825065315, 0.00046541825065315, 0.00046541825065315, 0.00046541825065315, 0.00046541825065315, 0.00046541825065315, 0.0004497739397068256, 0.0004497739397068256, 0.0004497739397068256], "rate_of_adaptation": 2.4544209271150604e-05}