{"cov": "oc43", "gene": "spike", "window": 3, "clade": null, "min_seqs": 2, "midfreq_high": 0.75, "midfreq_low": 0.15, "window_midpoint": [1984.5, 1986.5, 1987.5, 1988.5, 1989.5, 1990.5, 1991.5, 1992.5, 1993.5, 1994.5, 1995.5, 1996.5, 1997.5, 1998.5, 1999.5, 2000.5, 2001.5, 2002.5, 2003.5, 2004.5, 2005.5, 2006.5, 2007.5, 2008.5, 2009.5, 2010.5, 2011.5, 2012.5, 2013.5, 2014.5, 2015.5, 2016.5, 2017.5], "adaptive_substitutions": [0.0, 0.0, 0.0, 0.0, 0.4817359855334539, 0.0, 0.0, 34.579913757128935, 1.5786618444846292, 1.2618444846292949, 0, 0.0, 0.0, 0.0, 41.35189873417717, 0, 0.0, 0.5629294755877035, 26.372212176009636, 25.791139240506315, 27.88316254771952, 57.77420964020702, 60.29698968194872, 55.66777435945607, 32.524246721020916, 32.253122812425744, 29.551487527558276, 48.13411693791441, 26.304776517434743, 53.93515646426115, 48.465698589349955, 52.38472049820451, 31.463795276453506], "adaptive_substitutions_per_codon": [0.0, 0.0, 0.0, 0.0, 0.00011789916434984189, 0.0, 0.0, 0.00846302343542069, 0.00038635874803833316, 0.000308821459772221, 0.0, 0.0, 0.0, 0.0, 0.010120386376450604, 0.0, 0.0, 0.00013777030729018684, 0.006454285897212344, 0.006312075193467037, 0.006824073066010652, 0.01413955204116667, 0.014756972511490142, 0.013624027009166928, 0.007959923328688428, 0.007893568970246144, 0.007232375802143484, 0.011780253778246307, 0.006437781820223872, 0.013199989345144677, 0.011861404451627498, 0.012820538545816081, 0.0077003904249763845], "rate_of_adaptation": 0.00042412773708115555}