{"cov": "oc43", "gene": "rdrp", "window": 3, "clade": null, "min_seqs": 2, "midfreq_high": 0.75, "midfreq_low": 0.15, "window_midpoint": [1984.5, 1986.5, 1987.5, 1988.5, 1989.5, 1990.5, 1991.5, 1992.5, 1993.5, 1994.5, 1995.5, 1996.5, 1997.5, 1998.5, 1999.5, 2000.5, 2001.5, 2002.5, 2003.5, 2004.5, 2005.5, 2006.5, 2007.5, 2008.5, 2009.5, 2010.5, 2011.5, 2012.5, 2013.5, 2014.5, 2015.5, 2016.5, 2017.5], "adaptive_substitutions": [0.0, 0.0, 0.0, 0.0, 0.0, 0.0, 0.0, 1.431237401651603, 0.0, 0.0, 0.0, 0.0, 1.9281487743026204, 1.9137785291631446, 1.9137785291631446, 1.9137785291631446, 1.9137785291631446, 1.9137785291631446, 2.090025359256128, 2.123837700760778, 2.123837700760778, 1.9137785291631446, 1.9137785291631446, 2.090025359256128, 2.090025359256128, 2.225274725274725, 2.225274725274725, 2.326711749788673, 2.8706677937447167, 2.4050949050949053, 2.3919212655476394, 2.377430262045647, 2.335933297471759], "adaptive_substitutions_per_codon": [0.0, 0.0, 0.0, 0.0, 0.0, 0.0, 0.0, 0.0005140938942714091, 0.0, 0.0, 0.0, 0.0, 0.0006925821746776654, 0.0006874204486936583, 0.0006874204486936583, 0.0006874204486936583, 0.0006874204486936583, 0.0006874204486936583, 0.0007507274997328047, 0.0007628727373422334, 0.0007628727373422334, 0.0006874204486936583, 0.0006874204486936583, 0.0007507274997328047, 0.0007507274997328047, 0.000799308450170519, 0.000799308450170519, 0.0008357441629988049, 0.0010311306730404874, 0.0008638990320024803, 0.0008591671212455601, 0.0008539620194129479, 0.000839056500528649], "rate_of_adaptation": 3.358122867283683e-05}