{"cov": "oc43", "gene": "replicase1ab", "window": 3, "clade": "B", "min_seqs": 2, "midfreq_high": 0.75, "midfreq_low": 0.15, "window_midpoint": [1997.5, 1998.5, 2015.5], "adaptive_substitutions": [0.0, 0.0, 17.265822784810126], "adaptive_substitutions_per_codon": [0.0, 0.0, 0.0008110589432924712], "rate_of_adaptation": 4.623300165347963e-05, "bootstrap_adaptive_substitutions": [[0.0, 0.0, 24.318181818181817], [0.0, 0.0, 22.0], [0.0, 0.0, 12.071428571428571], [0.0, 0.0, 17.216494845360824], [0.0, 0.0, 22.228571428571428], [0.0, 0.0, 22.0], [0.0, 0.0, 14.76923076923077], [0.0, 0.0, 18.235294117647058], [0.0, 0.0, 14.559322033898304], [0.0, 0.0, 22.29113924050633], [0.0, 0.0, 9.257142857142856], [0.0, 0.0, 21.0], [0.0, 0.0, 12.0], [0.0, 0.0, 15.0], [0.0, 0.0, 10.352941176470589], [0.0, 0.0, 14.0], [0.0, 0.0, 17.522727272727273], [0.0, 0.0, 21.647058823529413], [0.0, 0.0, 17.0], [0.0, 0.0, 12.357894736842105], [0.0, 0.0, 23.470588235294116], [0.0, 0.0, 19.423076923076923], [0.0, 0.0, 14.647058823529411], [0.0, 0.0, 21.649350649350648], [0.0, 0.0, 14.451612903225806], [0.0, 0.0, 23.0], [0.0, 0.0, 11.736842105263158], [0.0, 0.0, 21.367088607594937], [0.0, 0.0, 19.34285714285714], [0.0, 0.0, 21.298969072164947], [0.0, 0.0, 24.0], [0.0, 0.0, 17.576923076923077], [0.0, 0.0, 29.049180327868854], [0.0, 0.0, 17.0], [0.0, 0.0, 14.0], [0.0, 0.0, 21.164556962025316], [0.0, 0.0, 25.0], [0.0, 0.0, 25.0], [0.0, 0.0, 19.0], [0.0, 0.0, 10.0], [0.0, 0.0, 18.0], [0.0, 0.0, 11.4], [0.0, 0.0, 24.164556962025316], [0.0, 0.0, 12.647058823529411], [0.0, 0.0, 16.25], [0.0, 0.0, 17.568421052631578], [0.0, 0.0, 18.821052631578947], [0.0, 0.0, 19.0], [0.0, 0.0, 16.0], [0.0, 0.0, 24.0], [0.0, 0.0, 15.863157894736842], [0.0, 0.0, 18.0], [0.0, 0.0, 18.0], [0.0, 0.0, 19.807692307692307], [0.0, 0.0, 16.0], [0.0, 0.0, 12.081967213114755], [0.0, 0.0, 18.41176470588235], [0.0, 0.0, 21.0], [0.0, 0.0, 14.790697674418604], [0.0, 0.0, 17.2], [0.0, 0.0, 19.24], [0.0, 0.0, 14.491525423728813], [0.0, 0.0, 11.76923076923077], [0.0, 0.0, 20.0], [0.0, 0.0, 16.278350515463917], [0.0, 0.0, 8.528301886792454], [0.0, 0.0, 17.428571428571427], [0.0, 0.0, 15.651162790697674], [0.0, 0.0, 15.0], [0.0, 0.0, 19.756756756756758], [0.0, 0.0, 24.341772151898734], [0.0, 0.0, 14.139240506329115], [0.0, 0.0, 21.34090909090909], [0.0, 0.0, 13.0], [0.0, 0.0, 13.651162790697674], [0.0, 0.0, 21.422680412371133], [0.0, 0.0, 14.245901639344263], [0.0, 0.0, 16.240506329113924], [0.0, 0.0, 21.0], [0.0, 0.0, 12.0], [0.0, 0.0, 17.0], [0.0, 0.0, 16.352941176470587], [0.0, 0.0, 10.0], [0.0, 0.0, 15.272727272727273], [0.0, 0.0, 26.495652173913044], [0.0, 0.0, 15.529411764705882], [0.0, 0.0, 17.96153846153846], [0.0, 0.0, 17.0], [0.0, 0.0, 16.417721518987342], [0.0, 0.0, 21.96153846153846], [0.0, 0.0, 13.0], [0.0, 0.0, 14.0], [0.0, 0.0, 17.0], [0.0, 0.0, 16.627118644067796], [0.0, 0.0, 20.0], [0.0, 0.0, 23.0], [0.0, 0.0, 20.0], [0.0, 0.0, 22.0], [0.0, 0.0, 14.860759493670887], [0.0, 0.0, 17.0]], "bootstrap_adaptive_substitutions_per_codon": [[0.0, 0.0, 0.0011423422500085407], [0.0, 0.0, 0.001033446072904923], [0.0, 0.0, 0.0005670532023406882], [0.0, 0.0, 0.0008087417721420906], [0.0, 0.0, 0.001044183174961078], [0.0, 0.0, 0.001033446072904923], [0.0, 0.0, 0.0006937819790130952], [0.0, 0.0, 0.0008565996860976634], [0.0, 0.0, 0.0006839215536404691], [0.0, 0.0, 0.001047122286758095], [0.0, 0.0, 0.0004348526332742792], [0.0, 0.0, 0.0009864712514092446], [0.0, 0.0, 0.0005636978579481398], [0.0, 0.0, 0.0007046223224351747], [0.0, 0.0, 0.00048632756371996377], [0.0, 0.0, 0.0006576475009394964], [0.0, 0.0, 0.0008231269857538179], [0.0, 0.0, 0.0010168667241417424], [0.0, 0.0, 0.0007985719654265313], [0.0, 0.0, 0.0005805098993255405], [0.0, 0.0, 0.0011025266927515087], [0.0, 0.0, 0.0009123955713583673], [0.0, 0.0, 0.0006880429736719941], [0.0, 0.0, 0.0010169743822505942], [0.0, 0.0, 0.0006788619364536737], [0.0, 0.0, 0.0010804208944006012], [0.0, 0.0, 0.0005513360628176981], [0.0, 0.0, 0.001003715173224114], [0.0, 0.0, 0.0009086272615021205], [0.0, 0.0, 0.0010005152702069217], [0.0, 0.0, 0.0011273957158962795], [0.0, 0.0, 0.0008256728239817303], [0.0, 0.0, 0.0013645800604974096], [0.0, 0.0, 0.0007985719654265313], [0.0, 0.0, 0.0006576475009394964], [0.0, 0.0, 0.000994201285326255], [0.0, 0.0, 0.0011743705373919579], [0.0, 0.0, 0.0011743705373919579], [0.0, 0.0, 0.000892521608417888], [0.0, 0.0, 0.00046974821495678314], [0.0, 0.0, 0.0008455467869222097], [0.0, 0.0, 0.0005355129650507328], [0.0, 0.0, 0.0011351257498132899], [0.0, 0.0, 0.0005940933306806375], [0.0, 0.0, 0.0007633408493047726], [0.0, 0.0, 0.0008252734429082853], [0.0, 0.0, 0.0008841155877291877], [0.0, 0.0, 0.000892521608417888], [0.0, 0.0, 0.000751597143930853], [0.0, 0.0, 0.0011273957158962795], [0.0, 0.0, 0.0007451690104630234], [0.0, 0.0, 0.0008455467869222097], [0.0, 0.0, 0.0008455467869222097], [0.0, 0.0, 0.0009304628103951666], [0.0, 0.0, 0.000751597143930853], [0.0, 0.0, 0.0005675482531527036], [0.0, 0.0, 0.0008648893604792536], [0.0, 0.0, 0.0009864712514092446], [0.0, 0.0, 0.0006947903830523583], [0.0, 0.0, 0.000807966929725667], [0.0, 0.0, 0.0009037955655768507], [0.0, 0.0, 0.0006807368199797451], [0.0, 0.0, 0.0005528575145260602], [0.0, 0.0, 0.0009394964299135663], [0.0, 0.0, 0.0007646726097080005], [0.0, 0.0, 0.0004006154587933321], [0.0, 0.0, 0.000818704031781822], [0.0, 0.0, 0.0007352105782928258], [0.0, 0.0, 0.0007046223224351747], [0.0, 0.0, 0.0009280701219821851], [0.0, 0.0, 0.0011434504017239166], [0.0, 0.0, 0.0006641882988692745], [0.0, 0.0, 0.001002485395100953], [0.0, 0.0, 0.0006106726794438181], [0.0, 0.0, 0.000641260935301469], [0.0, 0.0, 0.0010063265883300983], [0.0, 0.0, 0.0006691986865531879], [0.0, 0.0, 0.0007628948858095604], [0.0, 0.0, 0.0009864712514092446], [0.0, 0.0, 0.0005636978579481398], [0.0, 0.0, 0.0007985719654265313], [0.0, 0.0, 0.0007681764926940335], [0.0, 0.0, 0.00046974821495678314], [0.0, 0.0, 0.0007174336373885415], [0.0, 0.0, 0.0012446285312811463], [0.0, 0.0, 0.0007294913455799456], [0.0, 0.0, 0.0008437400630185297], [0.0, 0.0, 0.0007985719654265313], [0.0, 0.0, 0.000771219537720187], [0.0, 0.0, 0.001031639349001243], [0.0, 0.0, 0.0006106726794438181], [0.0, 0.0, 0.0006576475009394964], [0.0, 0.0, 0.0007985719654265313], [0.0, 0.0, 0.0007810559302925496], [0.0, 0.0, 0.0009394964299135663], [0.0, 0.0, 0.0010804208944006012], [0.0, 0.0, 0.0009394964299135663], [0.0, 0.0, 0.001033446072904923], [0.0, 0.0, 0.0006980815245053968], [0.0, 0.0, 0.0007985719654265313]],