{"cov": "oc43", "gene": "nucleocapsid", "window": 3, "clade": "A", "min_seqs": 2, "midfreq_high": 0.75, "midfreq_low": 0.15, "window_midpoint": [1991.5, 1992.5, 1995.5, 1996.5, 1997.5, 1998.5, 1999.5, 2000.5, 2003.5, 2004.5, 2005.5, 2014.5, 2015.5, 2016.5, 2017.5], "adaptive_substitutions": [0.0, 0.0, 2.6043165467625897, 2.6043165467625897, 3.985611510791367, 2.5251798561151078, 3.176258992805755, 3.446043165467626, 5.366906474820144, 5.366906474820144, 5.366906474820144, 6.9753340184994865, 7.046485888212507, 7.057553956834532, 7.2086330935251794], "adaptive_substitutions_per_codon": [0.0, 0.0, 0.0019334198565423828, 0.0019334198565423828, 0.002958880111946078, 0.0018746695294098795, 0.002358024493545475, 0.0025583096996790095, 0.003984340367349773, 0.003984340367349773, 0.003984340367349773, 0.005178421691536367, 0.005231244163483672, 0.005239460992453253, 0.0053516207078880326], "rate_of_adaptation": 0.00019192044581574363}