{"virus": "h3n2", "subtype": null, "gene": "pb1", "window": 3, "min_seqs": 2, "midfreq_high": 0.75, "midfreq_low": 0.15, "window_midpoint": [2006.5, 2007.5, 2008.5, 2009.5, 2010.5, 2011.5, 2012.5, 2013.5, 2014.5, 2015.5, 2016.5, 2017.5, 2018.5], "adaptive_substitutions": [0.0, 0.0, 0.8382568251645933, 0.9189973853355314, 0.9755782978004531, 0.9694913183837647, 1.7395181942064544, 1.92173413002509, 2.093269756879179, 2.0446406668597827, 1.9946499445922554, 1.488062037011939, 1.9214692535868223], "adaptive_substitutions_per_codon": [0.0, 0.0, 0.00036862657219199354, 0.0004041325353278502, 0.00042901420307847545, 0.0004263374311274251, 0.0007649596280591268, 0.0008450897669415524, 0.0009205232000348194, 0.0008991383759277848, 0.0008771547689499804, 0.0006543808430131658, 0.0008449732865377406], "rate_of_adaptation": 7.287167347720243e-05}