{"virus": "h3n2", "subtype": null, "gene": "ha2", "window": 3, "min_seqs": 2, "midfreq_high": 0.75, "midfreq_low": 0.15, "window_midpoint": [2006.5, 2007.5, 2008.5, 2009.5, 2010.5, 2011.5, 2012.5, 2013.5, 2014.5, 2015.5, 2016.5, 2017.5, 2018.5], "adaptive_substitutions": [0.0, 0.0, 0.7056307994475443, 0.7664287089706775, 0.8306244398073662, 0.4823350927874096, 0.47350263918111435, 0.4823350927874096, 0.9293403711496383, 0.9293403711496383, 1.4020862380145658, 1.4577556020650446, 1.384959665412238], "adaptive_substitutions_per_codon": [0.0, 0.0, 0.0010642998483371708, 0.0011560010693373718, 0.0012528272093625433, 0.0007275039106899089, 0.0007141819595491921, 0.0007275039106899089, 0.0014017200168169506, 0.0014017200168169506, 0.0021147605399918037, 0.002198726398288152, 0.002088928605448323], "rate_of_adaptation": 0.0001580438947697625}