{"virus": "oc43", "subtype": "a", "gene": "s1-rbd", "window": 3, "min_seqs": 2, "midfreq_high": 0.75, "midfreq_low": 0.15, "window_midpoint": [1991.5, 1992.5, 1995.5, 1996.5, 1997.5, 1998.5, 1999.5, 2000.5, 2001.5, 2002.5, 2003.5, 2004.5, 2005.5, 2006.5, 2007.5, 2008.5, 2009.5, 2010.5, 2011.5, 2012.5, 2013.5, 2014.5, 2015.5, 2016.5, 2017.5], "adaptive_substitutions": [0.0, 0.0, 1.0, 1.0, 1.0, 1.0, 1.0, 1.0, 1.0, 1.0, 3.0, 4.0, 4.0, 5.964285714285714, 6.0, 5.0, 5.870967741935484, 5.0, 5.0, 5.0, 5.0, 7.8508771929824555, 8.0, 9.0, 9.0], "adaptive_substitutions_per_codon": [0.0, 0.0, 0.0011737089201877935, 0.0011737089201877935, 0.0011737089201877935, 0.0011737089201877935, 0.0011737089201877935, 0.0011737089201877935, 0.0011737089201877935, 0.0011737089201877935, 0.0035211267605633804, 0.004694835680751174, 0.004694835680751174, 0.007000335345405768, 0.007042253521126761, 0.005868544600938967, 0.006890807208844465, 0.005868544600938967, 0.005868544600938967, 0.005868544600938967, 0.005868544600938967, 0.009214644592702412, 0.009389671361502348, 0.01056338028169014, 0.01056338028169014], "rate_of_adaptation": 0.0004172060080607122}