{"virus": "oc43", "subtype": "b", "gene": "s1-ntd", "window": 3, "min_seqs": 2, "midfreq_high": 0.75, "midfreq_low": 0.15, "window_midpoint": [1988.5, 1989.5, 1990.5, 1991.5, 1992.5, 1993.5, 1994.5, 1995.5, 1996.5, 1997.5, 1998.5, 2000.5, 2001.5, 2002.5, 2003.5, 2004.5, 2005.5, 2006.5, 2007.5, 2008.5, 2009.5, 2010.5, 2011.5, 2012.5, 2013.5, 2014.5, 2015.5, 2016.5, 2017.5], "adaptive_substitutions": [0.0, 0.0, 0.0, 0.0, 0.0, 0.0, 0.0, 0.0, 0.0, 0.0, 0.0, 0.0, 0.0, 0.12461171224962869, 1.2184587841872214, 0.31075270512332914, 0.49844684899851477, 18.43817233965826, 27.72903246147995, 27.30344660216986, 27.34421275106583, 27.32029094841507, 26.876152300758875, 27.033435935230745, 27.381994700048253, 27.334471118862467, 26.99633848954292, 27.143512729006844, 26.853644173729577], "adaptive_substitutions_per_codon": [0.0, 0.0, 0.0, 0.0, 0.0, 0.0, 0.0, 0.0, 0.0, 0.0, 0.0, 0.0, 0.0, 0.00012859825825555077, 0.0012574394057659664, 0.0003206942261334666, 0.0005143930330222031, 0.01902804163019428, 0.02861613257118674, 0.02817693147798747, 0.02821900180708548, 0.028194314704246718, 0.027735967286644864, 0.027898282698896538, 0.028257992466510066, 0.02820894852307788, 0.027859998441220765, 0.028011881041286733, 0.02771273908537624], "rate_of_adaptation": 0.0013235284374916426}