{"virus": "oc43", "subtype": "a", "gene": "s2", "window": 3, "min_seqs": 2, "midfreq_high": 0.75, "midfreq_low": 0.15, "window_midpoint": [1991.5, 1992.5, 1995.5, 1996.5, 1997.5, 1998.5, 1999.5, 2000.5, 2001.5, 2002.5, 2003.5, 2004.5, 2005.5, 2006.5, 2007.5, 2008.5, 2009.5, 2010.5, 2011.5, 2012.5, 2013.5, 2014.5, 2015.5, 2016.5, 2017.5], "adaptive_substitutions": [0.0, 0.0, 0.0, 0.0, 0.0, 0.0, 0.0, 0.0, 0.0, 0.0, 0.919605077574048, 0.919605077574048, 0.919605077574048, 0.919605077574048, 0.8660084626234132, 0.8392101551480959, 0.8392101551480959, 0.8392101551480959, 0.8392101551480959, 0.8392101551480959, 0.8392101551480959, 0.8392101551480959, 0.8124118476727786, 0.8124118476727786, 0.8124118476727786], "adaptive_substitutions_per_codon": [0.0, 0.0, 0.0, 0.0, 0.0, 0.0, 0.0, 0.0, 0.0, 0.0, 0.0005143205131845906, 0.0005143205131845906, 0.0005143205131845906, 0.0005143205131845906, 0.00048434477775358684, 0.00046935691003808497, 0.00046935691003808497, 0.00046935691003808497, 0.00046935691003808497, 0.00046935691003808497, 0.00046935691003808497, 0.00046935691003808497, 0.00045436904232258314, 0.00045436904232258314, 0.00045436904232258314], "rate_of_adaptation": 2.558144746156743e-05}