{"virus": "oc43", "subtype": "b", "gene": "s1-rbd", "window": 3, "min_seqs": 2, "midfreq_high": 0.75, "midfreq_low": 0.15, "window_midpoint": [1988.5, 1989.5, 1990.5, 1991.5, 1992.5, 1993.5, 1994.5, 1995.5, 1996.5, 1997.5, 1998.5, 2000.5, 2001.5, 2002.5, 2003.5, 2004.5, 2005.5, 2006.5, 2007.5, 2008.5, 2009.5, 2010.5, 2011.5, 2012.5, 2013.5, 2014.5, 2015.5, 2016.5, 2017.5], "adaptive_substitutions": [0.0, 0.0, 0.0, 0.0, 0.0, 0.0, 0.5717821782178217, 0.0, 0.0, 0.0, 0.0, 0.0, 0.0, 0.0, 0.0, 0.0, 0.0, 1.7945544554455446, 2.5643564356435644, 3.315308453922315, 2.532615026208503, 2.4647964796479647, 2.486209335219236, 2.3705799151343703, 2.5247524752475248, 2.5247524752475248, 2.5247524752475248, 2.5247524752475248, 2.5247524752475248], "adaptive_substitutions_per_codon": [0.0, 0.0, 0.0, 0.0, 0.0, 0.0, 0.000671105842978664, 0.0, 0.0, 0.0, 0.0, 0.0, 0.0, 0.0, 0.0, 0.0, 0.0, 0.002106284572119184, 0.003009808023055827, 0.0038912071055426235, 0.0029725528476625624, 0.0028929536146102873, 0.002918086074200981, 0.0027823707924112327, 0.002963324501464231, 0.002963324501464231, 0.002963324501464231, 0.002963324501464231, 0.002963324501464231], "rate_of_adaptation": 0.00013858964599220683}