{"virus": "oc43", "subtype": "a", "gene": "s1", "window": 3, "min_seqs": 2, "midfreq_high": 0.75, "midfreq_low": 0.15, "window_midpoint": [1991.5, 1992.5, 1995.5, 1996.5, 1997.5, 1998.5, 1999.5, 2000.5, 2001.5, 2002.5, 2003.5, 2004.5, 2005.5, 2006.5, 2007.5, 2008.5, 2009.5, 2010.5, 2011.5, 2012.5, 2013.5, 2014.5, 2015.5, 2016.5, 2017.5], "adaptive_substitutions": [0.0, 0.0, 5.0, 5.716502115655853, 5.9732016925246825, 5.4732016925246825, 8.339210155148095, 9.866008462623414, 6.4732016925246825, 6.4732016925246825, 15.098025387870239, 17.394922425952046, 17.48048895157499, 22.114245416078987, 22.306230813905252, 20.969872404631484, 24.4340734337322, 22.488926161704725, 21.99879329258737, 22.920963913447316, 22.990164056120555, 31.419221537624033, 31.47743300423131, 33.396592680573086, 38.38340385519511], "adaptive_substitutions_per_codon": [0.0, 0.0, 0.002213368747233289, 0.0025305454252571285, 0.0026441795894310235, 0.0024228427147076946, 0.0036915494268030522, 0.004367422958221963, 0.002865516464154353, 0.002865516464154353, 0.006683499507689349, 0.007700275531629945, 0.007738153586354577, 0.009789395934519251, 0.009874382830414011, 0.009282812042776221, 0.010816322901165205, 0.009955257265030866, 0.009738288310131637, 0.010146509036497263, 0.01017714212311667, 0.013908464602755216, 0.01393423329093905, 0.014783794900652096, 0.01699132530110452], "rate_of_adaptation": 0.0006101516852532597}