{"virus": "vic", "subtype": null, "gene": "pb1", "window": 3, "min_seqs": 2, "midfreq_high": 0.75, "midfreq_low": 0.15, "window_midpoint": [2002.5, 2003.5, 2004.5, 2005.5, 2006.5, 2007.5, 2008.5, 2009.5, 2010.5, 2011.5, 2012.5, 2013.5, 2014.5, 2015.5, 2016.5, 2017.5, 2018.5], "adaptive_substitutions": [0.0, 0.0, 0.0, 0.0, 0.0, 0.0, 0.0, 1.2978246455971965, 1.229396673856718, 1.286024485243796, 1.3028467477236259, 2.1778977537825766, 2.6220755848830235, 2.2952876091448378, 2.2016612241753983, 2.1959375042284774, 2.186344143810643], "adaptive_substitutions_per_codon": [0.0, 0.0, 0.0, 0.0, 0.0, 0.0, 0.0, 0.0005745129019907908, 0.0005442216351734032, 0.0005692892807630793, 0.0005767360547692013, 0.0009640981645783871, 0.0011607240304927064, 0.0010160635719986002, 0.0009746176291170422, 0.0009720838885473561, 0.0009678371597214002], "rate_of_adaptation": 8.372241969684959e-05}