{"virus": "vic", "subtype": null, "gene": "ha1", "window": 3, "min_seqs": 2, "midfreq_high": 0.75, "midfreq_low": 0.15, "window_midpoint": [2002.5, 2003.5, 2004.5, 2005.5, 2006.5, 2007.5, 2008.5, 2009.5, 2010.5, 2011.5, 2012.5, 2013.5, 2014.5, 2015.5, 2016.5, 2017.5, 2018.5], "adaptive_substitutions": [0.0, 0.0, 0.0, 0.0, 2.3635820671965253, 2.9367132867132866, 2.4998445998445997, 3.2447423687423687, 5.714642245799074, 5.9178864814693695, 5.964932811722021, 5.98652320686219, 5.9863757652919745, 5.9922663941842025, 8.085635538028667, 7.935472226282222, 7.444345867275443], "adaptive_substitutions_per_codon": [0.0, 0.0, 0.0, 0.0, 0.0022770540146401976, 0.0028292035517469044, 0.0024083281308714833, 0.003125956039250837, 0.0055054356895944834, 0.00570123938484525, 0.0057465634024296925, 0.005767363397747774, 0.005767221353845833, 0.005772896333510792, 0.007789629612744381, 0.007644963609135089, 0.007171816827818345], "rate_of_adaptation": 0.0005355844167010996}