{"virus": "yam", "subtype": null, "gene": "ha2", "window": 3, "min_seqs": 2, "midfreq_high": 0.75, "midfreq_low": 0.15, "window_midpoint": [2000.5, 2001.5, 2002.5, 2003.5, 2004.5, 2005.5, 2006.5, 2007.5, 2008.5, 2009.5, 2010.5, 2011.5, 2012.5, 2013.5, 2014.5, 2015.5, 2016.5, 2017.5, 2018.5], "adaptive_substitutions": [0.0, 0.0, 0.0, 1.835820895522388, 1.991150442477876, 1.992063492063492, 1.5, 1.5, 1.495305164319249, 1.4953271028037385, 1.4954954954954955, 2.0, 1.9935691318327975, 1.9940119760479043, 1.494269340974212, 1.4886363636363638, 1.4861495844875345, 1.483240223463687, 1.9943502824858759], "adaptive_substitutions_per_codon": [0.0, 0.0, 0.0, 0.002731876332622601, 0.0029630214917825536, 0.002964380196523054, 0.002232142857142857, 0.002232142857142857, 0.0022251564945226917, 0.002225189141076992, 0.0022254397254397257, 0.002976190476190476, 0.0029666207318940437, 0.0029672797262617623, 0.0022236150907354348, 0.002215232683982684, 0.0022115321197731168, 0.0022072027134876293, 0.0029677831584611247], "rate_of_adaptation": 9.957001980282202e-05}