{"virus": "yam", "subtype": null, "gene": "ha1", "window": 3, "min_seqs": 2, "midfreq_high": 0.75, "midfreq_low": 0.15, "window_midpoint": [2000.5, 2001.5, 2002.5, 2003.5, 2004.5, 2005.5, 2006.5, 2007.5, 2008.5, 2009.5, 2010.5, 2011.5, 2012.5, 2013.5, 2014.5, 2015.5, 2016.5, 2017.5, 2018.5], "adaptive_substitutions": [0.0, 0.0, 0.0, 1.7857142857142856, 1.9838056680161944, 2.7785714285714285, 2.913793103448276, 2.957654723127036, 2.934328358208955, 5.226856734292609, 4.671865203761755, 2.0, 2.801801801801802, 2.8806818181818183, 2.0, 8.472067039106145, 8.834710743801653, 8.963881151346332, 7.983193277310924], "adaptive_substitutions_per_codon": [0.0, 0.0, 0.0, 0.001720341315717038, 0.001911180797703463, 0.0026768510872557114, 0.002807122450335526, 0.0028493783459798035, 0.002826905932763926, 0.005035507451148949, 0.004500833529635603, 0.0019267822736030828, 0.002699231022930445, 0.0027752233315817133, 0.0019267822736030828, 0.008161914295863338, 0.008511282026783865, 0.008635723652549452, 0.007690937646734995], "rate_of_adaptation": 0.00041492841690540447}