{"virus": "h1n1pdm", "subtype": null, "gene": "ha1", "window": 3, "min_seqs": 2, "midfreq_high": 0.75, "midfreq_low": 0.15, "window_midpoint": [2009.5, 2010.5, 2011.5, 2012.5, 2013.5, 2014.5, 2015.5, 2016.5, 2017.5, 2018.5], "adaptive_substitutions": [0.0, 0.0, 0.0, 0.8282930149436696, 1.7291853665767876, 4.361085700716743, 4.195612059141012, 5.223304277109964, 7.2802999452844785, 9.215591765343413], "adaptive_substitutions_per_codon": [0.0, 0.0, 0.0, 0.0008443353873024155, 0.001762676214655237, 0.004445551173003816, 0.004276872639287474, 0.0053244691917532765, 0.007421304735254311, 0.00939407927150195], "rate_of_adaptation": 0.00106726472280829}