{"virus": "h1n1pdm", "subtype": null, "gene": "pb1", "window": 3, "min_seqs": 2, "midfreq_high": 0.75, "midfreq_low": 0.15, "window_midpoint": [2009.5, 2010.5, 2011.5, 2012.5, 2013.5, 2014.5, 2015.5, 2016.5, 2017.5, 2018.5], "adaptive_substitutions": [0.0, 0.0, 0.0, 0.0, 1.2774359258259245, 1.9626971699997546, 2.0308444961596344, 1.9735912390751917, 1.3711135785210777, 1.1083669120284918], "adaptive_substitutions_per_codon": [0.0, 0.0, 0.0, 0.0, 0.0005617572233183485, 0.0008631034168864357, 0.0008930714582935948, 0.0008678941244833737, 0.0006029523212493746, 0.00048740849253671583], "rate_of_adaptation": 9.65295386208594e-05}