{"virus": "h1n1pdm", "subtype": null, "gene": "ha2", "window": 3, "min_seqs": 2, "midfreq_high": 0.75, "midfreq_low": 0.15, "window_midpoint": [2009.5, 2010.5, 2011.5, 2012.5, 2013.5, 2014.5, 2015.5, 2016.5, 2017.5, 2018.5], "adaptive_substitutions": [0.0, 0.0, 0.0, 0.815098808544261, 0.9086475078532327, 1.8115315892127126, 1.8601617446016503, 1.4773056494447128, 1.4773056494447128, 1.6255432158377596], "adaptive_substitutions_per_codon": [0.0, 0.0, 0.0, 0.0012238720849012928, 0.0013643355973772262, 0.002720017401220289, 0.0027930356525550305, 0.002218176650817887, 0.002218176650817887, 0.002440755579335975], "rate_of_adaptation": 0.0003312005607917739}