{"virus": "h3n2", "subtype": null, "gene": "ha2", "window": 3, "min_seqs": 2, "midfreq_high": 0.75, "midfreq_low": 0.15, "window_midpoint": [2006.5, 2007.5, 2008.5, 2009.5, 2010.5, 2011.5, 2012.5, 2013.5, 2014.5, 2015.5, 2016.5, 2017.5, 2018.5], "adaptive_substitutions": [0.0, 0.0, 0.7975207866004833, 0.821312992630078, 0.8288699384767462, 0.48177912481111074, 0.48177912481111074, 0.48177912481111074, 0.927116499244443, 0.927116499244443, 1.394571085881629, 1.4463760747293144, 1.367551629483986], "adaptive_substitutions_per_codon": [0.0, 0.0, 0.0012028971140278784, 0.0012387827943138431, 0.0012501809026798584, 0.0007266653466230931, 0.0007266653466230931, 0.0007266653466230931, 0.0013983657605496876, 0.0013983657605496876, 0.002103425468901401, 0.0021815627069823747, 0.002062672141001487], "rate_of_adaptation": 0.00015198394733440703}