{"virus": "h3n2", "subtype": null, "gene": "pb1", "window": 3, "min_seqs": 2, "midfreq_high": 0.75, "midfreq_low": 0.15, "window_midpoint": [2006.5, 2007.5, 2008.5, 2009.5, 2010.5, 2011.5, 2012.5, 2013.5, 2014.5, 2015.5, 2016.5, 2017.5, 2018.5], "adaptive_substitutions": [0.0, 0.0, 0.9379769917713359, 0.9787927289749052, 0.9778685763349618, 0.9722039334409011, 1.7117648650366661, 1.8931860914865768, 1.5706513969140807, 2.0138703460189062, 1.9660188078082776, 1.4560752428922754, 1.8738299495662774], "adaptive_substitutions_per_codon": [0.0, 0.0, 0.0004124788882019947, 0.0004304277612026848, 0.00043002136162487327, 0.000427530313738303, 0.0007527549978173553, 0.0008325356602843346, 0.0006906998227414603, 0.0008856070123214188, 0.0008645641195287061, 0.0006403145307353893, 0.0008240237245234289], "rate_of_adaptation": 6.728547224318556e-05}