{"virus": "h3n2", "subtype": null, "gene": "ha1", "window": 3, "min_seqs": 2, "midfreq_high": 0.75, "midfreq_low": 0.15, "window_midpoint": [2006.5, 2007.5, 2008.5, 2009.5, 2010.5, 2011.5, 2012.5, 2013.5, 2014.5, 2015.5, 2016.5, 2017.5, 2018.5], "adaptive_substitutions": [0.0, 0.0, 0.84555549215793, 2.441146416657921, 2.6176801400142122, 3.5360023378820493, 3.1384488446624776, 8.88430853921731, 9.9011961150926, 10.690085174120272, 14.109928379293777, 12.368735772937718, 12.321905872282496], "adaptive_substitutions_per_codon": [0.0, 0.0, 0.0008566924945875684, 0.002473299307657468, 0.0026521581965696173, 0.0035825758235887026, 0.003179786063487819, 0.00900132577428299, 0.010031607006172847, 0.010830886701236345, 0.01429577343393493, 0.012531647186360403, 0.012484200478503035], "rate_of_adaptation": 0.0012998361115980608}