{"virus": "vic", "subtype": null, "gene": "ha1", "window": 3, "min_seqs": 2, "midfreq_high": 0.75, "midfreq_low": 0.15, "window_midpoint": [2007.5, 2008.5, 2009.5, 2010.5, 2011.5, 2012.5, 2013.5, 2014.5, 2015.5, 2016.5, 2017.5, 2018.5], "adaptive_substitutions": [0.0, 0.0, 0.0, 0.0, 0.0, 0.0, 0.007722007722007722, 0.005791505791505791, 0.005535055350553505, 1.7473118279569892, 1.9641577060931898, 1.9882522230841007], "adaptive_substitutions_per_codon": [0.0, 0.0, 0.0, 0.0, 0.0, 0.0, 7.439313797695301e-06, 5.579485348271475e-06, 5.332423266429196e-06, 0.0016833447282822633, 0.001892252125330626, 0.0019154645694451837], "rate_of_adaptation": 0.00017459661669938165}