{"virus": "229e", "subtype": null, "gene": "s1", "window": 3, "min_seqs": 2, "midfreq_high": 0.75, "midfreq_low": 0.15, "window_midpoint": [1992.5, 1993.5, 1994.5, 2004.5, 2005.5, 2006.5, 2007.5, 2008.5, 2009.5, 2010.5, 2011.5, 2012.5, 2013.5, 2014.5, 2015.5, 2016.5, 2017.5], "adaptive_substitutions": [0.0, 0.0, 0.0, 7.214285714285714, 7.214285714285714, 8.751428571428571, 9.214285714285714, 9.056493506493506, 9.080769230769231, 9.080769230769231, 12.708035714285714, 16.005194805194805, 14.9, 17.168571428571425, 17.900000000000002, 17.900000000000002, 17.81098901098901], "adaptive_substitutions_per_codon": [0.0, 0.0, 0.0, 0.004412407164700743, 0.004412407164700743, 0.005352555701179554, 0.0056356487549148095, 0.005539139759323245, 0.005553987297106563, 0.005553987297106563, 0.0077724989078200085, 0.00978910997259621, 0.009113149847094801, 0.010500655307994756, 0.010948012232415904, 0.010948012232415904, 0.010893571260543739], "rate_of_adaptation": 0.00047189432288604526}