{"virus": "229e", "subtype": null, "gene": "s2", "window": 3, "min_seqs": 2, "midfreq_high": 0.75, "midfreq_low": 0.15, "window_midpoint": [1992.5, 1993.5, 1994.5, 2004.5, 2005.5, 2006.5, 2007.5, 2008.5, 2009.5, 2010.5, 2011.5, 2012.5, 2014.5, 2015.5, 2016.5, 2017.5], "adaptive_substitutions": [0.0, 0.0, 0.0, 0.0, 0.0, 0.7107142857142857, 0.5285714285714286, 0.9357142857142857, 0.9496894409937888, 0.7965714285714285, 0.2142857142857143, 0.8257142857142857, 0.0, 0.4514285714285715, 0.4514285714285715, 0.43956043956043966], "adaptive_substitutions_per_codon": [0.0, 0.0, 0.0, 0.0, 0.0, 0.00038583837443772296, 0.0002869551729486583, 0.0005079882115712734, 0.0005155751579770841, 0.00043244920117884285, 0.00011633317822242904, 0.00044827051341709325, 0.0, 0.00024507522878858387, 0.00024507522878858387, 0.00023863216045626475], "rate_of_adaptation": 1.206379904645514e-05}