{"virus": "h1n1pdm", "subtype": null, "gene": "ha2", "window": 3, "min_seqs": 2, "midfreq_high": 0.75, "midfreq_low": 0.15, "window_midpoint": [2008.5, 2009.5, 2010.5, 2011.5, 2012.5, 2013.5, 2014.5, 2015.5, 2016.5, 2017.5, 2018.5], "adaptive_substitutions": [0.0, 0.0, 0.0, 0.8387713432384772, 1.7802481004823982, 1.8954698791074456, 2.842757062916484, 2.0, 1.957548104914449, 1.966038483931559, 1.9915096209828897], "adaptive_substitutions_per_codon": [0.0, 0.0, 0.0, 0.001259416431289005, 0.002673045195919517, 0.002846050869530699, 0.004268403998373099, 0.003003003003003003, 0.002939261418790464, 0.0029520097356329714, 0.002990254686160495], "rate_of_adaptation": 0.000369632987050794}