{"virus": "h1n1pdm", "subtype": null, "gene": "ha1", "window": 3, "min_seqs": 2, "midfreq_high": 0.75, "midfreq_low": 0.15, "window_midpoint": [2008.5, 2009.5, 2010.5, 2011.5, 2012.5, 2013.5, 2014.5, 2015.5, 2016.5, 2017.5, 2018.5], "adaptive_substitutions": [0.0, 0.0, 0.0, 0.0, 0.8271420807873846, 1.7181169222684807, 4.410802501964975, 4.392792613510044, 5.40277258222927, 7.7274388111100984, 9.853482024761792], "adaptive_substitutions_per_codon": [0.0, 0.0, 0.0, 0.0, 0.0008431621618627774, 0.0017513933968078294, 0.004496230888853185, 0.004477872185025529, 0.005507413437542579, 0.007877103782986849, 0.010044324184262786], "rate_of_adaptation": 0.0010078280860266412}