{"virus": "h1n1pdm", "subtype": null, "gene": "pb1", "window": 3, "min_seqs": 2, "midfreq_high": 0.75, "midfreq_low": 0.15, "window_midpoint": [2008.5, 2009.5, 2010.5, 2011.5, 2012.5, 2013.5, 2014.5, 2015.5, 2016.5, 2017.5, 2018.5], "adaptive_substitutions": [0.0, 0.0, 0.0, 0.0, 0.0, 1.3328154805235335, 1.9725011817543447, 2.355865929386175, 1.9340913060693246, 1.5139288631981205, 1.264695468804494], "adaptive_substitutions_per_codon": [0.0, 0.0, 0.0, 0.0, 0.0, 0.0005861105895002346, 0.0008674147677019986, 0.0010360008484547822, 0.0008505238812969765, 0.0006657558765163239, 0.0005561545597205339], "rate_of_adaptation": 9.940713102882233e-05}