{"virus": "h3n2", "subtype": null, "gene": "ha1", "window": 3, "min_seqs": 2, "midfreq_high": 0.75, "midfreq_low": 0.15, "window_midpoint": [2006.5, 2007.5, 2008.5, 2009.5, 2010.5, 2011.5, 2012.5, 2013.5, 2014.5, 2015.5, 2016.5, 2017.5, 2018.5], "adaptive_substitutions": [0.0, 0.6418850599942869, 0.778236267958001, 0.8260754133929883, 2.608156033952985, 3.534900900848643, 2.65029758267196, 8.387152269629489, 9.422355394407075, 10.721740932490409, 14.128135189755966, 12.413450061870066, 12.413850957045623], "adaptive_substitutions_per_codon": [0.0, 0.0006503394731451742, 0.0007884865936757863, 0.0008369558393039395, 0.002642508646355608, 0.003581459879279274, 0.0026852052509341033, 0.00849762134714234, 0.00954645936616725, 0.010862959404752187, 0.014314220050411313, 0.0125769504172949, 0.012577356592751391], "rate_of_adaptation": 0.0013077044049891768}