{"virus": "measles", "subtype": null, "gene": "F", "window": 3, "min_seqs": 2, "midfreq_high": 0.75, "midfreq_low": 0.15, "window_midpoint": [1990.5, 1992.5, 1996.5, 1997.5, 1998.5, 1999.5, 2000.5, 2003.5, 2004.5, 2005.5, 2006.5, 2007.5, 2008.5, 2009.5, 2010.5, 2011.5, 2012.5, 2013.5, 2014.5, 2015.5, 2016.5], "adaptive_substitutions": [0.0, 0.0, 0.8756137479541735, 0.8756137479541735, 0.7937806873977087, 3.7201309328968906, 3.7201309328968906, 0.0, 0.0, 0.6693944353518821, 0.6726677577741408, 0.8216039279869066, 0.0, 0.0, 0.0, 0.0, 0.7869452199865216, 0.0, 0, 0.0, 0.795417348608838], "adaptive_substitutions_per_codon": [0.0, 0.0, 0.0005297118862396694, 0.0005297118862396694, 0.00048020610247895263, 0.0022505329297621843, 0.0022505329297621843, 0.0, 0.0, 0.00040495731116266313, 0.0004069375425130918, 0.0004970380689575962, 0.0, 0.0, 0.0, 0.0, 0.0004760709134824692, 0.0, 0.0, 0.0, 0.00048119621815416696], "rate_of_adaptation": -2.3358395289922132e-05}