{"virus": "measles", "subtype": null, "gene": "H", "window": 3, "min_seqs": 2, "midfreq_high": 0.75, "midfreq_low": 0.15, "window_midpoint": [1990.5, 1992.5, 1996.5, 1997.5, 1998.5, 1999.5, 2000.5, 2003.5, 2004.5, 2005.5, 2006.5, 2007.5, 2008.5, 2009.5, 2010.5, 2011.5, 2012.5, 2013.5, 2014.5, 2015.5, 2016.5], "adaptive_substitutions": [0.0, 0.0, 0.0, 0.0, 0.38134206219312605, 5.502454991816694, 5.502454991816694, 0.9844517184942717, 0.0, 0.0, 0.0, 0.7594108019639934, 0.0, 0.0, 0.0, 0.0, 0.0, 0.8951427224056147, 0.9062639488171402, 0.9531319744085702, 1.7741407528641573], "adaptive_substitutions_per_codon": [0.0, 0.0, 0.0, 0.0, 0.00020568611768777026, 0.00296788295135744, 0.00296788295135744, 0.0005309879819278704, 0.0, 0.0, 0.0, 0.0004096066893009673, 0.0, 0.0, 0.0, 0.0, 0.0, 0.0004828170023762754, 0.0004888155063738621, 0.0005140949160779775, 0.0009569259724186393], "rate_of_adaptation": -8.965747793310577e-06}