{"virus": "measles", "subtype": null, "gene": "P", "window": 3, "min_seqs": 2, "midfreq_high": 0.75, "midfreq_low": 0.15, "window_midpoint": [1990.5, 1992.5, 1996.5, 1997.5, 1998.5, 1999.5, 2000.5, 2003.5, 2004.5, 2005.5, 2006.5, 2007.5, 2008.5, 2009.5, 2010.5, 2011.5, 2012.5, 2013.5, 2014.5, 2015.5, 2016.5], "adaptive_substitutions": [0.0, 0.0, 1.0, 1.0, 0.0, 6.64387604525332, 6.64387604525332, 0.0, 0.0, 1.4753566158386622, 0.7294638465322184, 0.0, 0.0, 0.0, 0.0, 0.0, 0.0, 0.7817619448589793, 0.9009971828466663, 0.9009971828466663, 5.415641908509591], "adaptive_substitutions_per_codon": [0.0, 0.0, 0.0006561679790026247, 0.0006561679790026247, 0.0, 0.004359498717357821, 0.004359498717357821, 0.0, 0.0, 0.0009680817689230067, 0.00047865081793452654, 0.0, 0.0, 0.0, 0.0, 0.0, 0.0, 0.0005129671554192777, 0.0005912055005555554, 0.0005912055005555554, 0.0035535708061086553], "rate_of_adaptation": -3.6248018059837475e-06}