{"virus": "nl63", "subtype": null, "gene": "s1", "window": 3, "min_seqs": 2, "midfreq_high": 0.75, "midfreq_low": 0.15, "window_midpoint": [1988.5, 1989.5, 1990.5, 1991.5, 2000.5, 2001.5, 2002.5, 2003.5, 2004.5, 2005.5, 2006.5, 2007.5, 2008.5, 2009.5, 2010.5, 2011.5, 2012.5, 2013.5, 2014.5, 2015.5, 2016.5, 2017.5], "adaptive_substitutions": [0.0, 0.0, 0.0, 0.0, 1.8420842775403878, 1.8420842775403878, 1.7894457033871836, 2.631529980927571, 3.0525854105888532, 3.0525854105888532, 3.3489929177038515, 10.067538096461242, 8.260597824281131, 7.611646338707944, 6.876123378088112, 4.629034616125838, 4.703363924534321, 3.703121938655205, 2.3304020574793185, 3.605117657613355, 5.03454320081732, 3.1071585761775093], "adaptive_substitutions_per_codon": [0.0, 0.0, 0.0, 0.0, 0.0008365505347594859, 0.0008365505347594859, 0.000812645641865206, 0.0011950635699035292, 0.0013862785697497063, 0.0013862785697497063, 0.001520886883607562, 0.0045719973190105545, 0.003751406823015954, 0.0034566967932370316, 0.00312267183382748, 0.0021021955568237233, 0.0021359509194070485, 0.0016817084190078133, 0.0010583115610714434, 0.0016372014793884445, 0.002286350227437475, 0.0014110620236955083], "rate_of_adaptation": 8.678532120705625e-05}