{"virus": "oc43", "subtype": "a", "gene": "s1-ntd", "window": 3, "min_seqs": 2, "midfreq_high": 0.75, "midfreq_low": 0.15, "window_midpoint": [1991.5, 1992.5, 1995.5, 1996.5, 1997.5, 1998.5, 1999.5, 2000.5, 2001.5, 2002.5, 2003.5, 2004.5, 2005.5, 2006.5, 2007.5, 2008.5, 2009.5, 2010.5, 2011.5, 2012.5, 2013.5, 2014.5, 2015.5, 2016.5, 2017.5], "adaptive_substitutions": [0.0, 0.0, 3.0, 3.73, 4.0, 3.5, 6.18, 7.76, 5.5, 5.5, 8.02, 9.6, 9.6, 11.048571428571428, 11.121176470588235, 10.729767441860464, 13.361935483870967, 12.30162162162162, 11.812, 12.701951219512194, 12.774736842105263, 18.302105263157895, 18.2, 19.14315789473684, 24.09384615384615], "adaptive_substitutions_per_codon": [0.0, 0.0, 0.0030959752321981426, 0.003849329205366357, 0.0041279669762641896, 0.003611971104231166, 0.006377708978328173, 0.008008255933952529, 0.005675954592363261, 0.005675954592363261, 0.0082765737874097, 0.009907120743034055, 0.009907120743034055, 0.011402034498009729, 0.011476962301948643, 0.011073031415748672, 0.013789407104098005, 0.012695171952137896, 0.012189886480908152, 0.013108308792066248, 0.013183422953669002, 0.0188876215306067, 0.018782249742002065, 0.019755580902721198, 0.02486465031356672], "rate_of_adaptation": 0.000787228818416805}