{"virus": "oc43", "subtype": "b", "gene": "s1", "window": 3, "min_seqs": 2, "midfreq_high": 0.75, "midfreq_low": 0.15, "window_midpoint": [1988.5, 1989.5, 1990.5, 1991.5, 1992.5, 1993.5, 1994.5, 1995.5, 1996.5, 1997.5, 1998.5, 2000.5, 2001.5, 2002.5, 2003.5, 2004.5, 2005.5, 2006.5, 2007.5, 2008.5, 2009.5, 2010.5, 2011.5, 2012.5, 2013.5, 2014.5, 2015.5, 2016.5, 2017.5], "adaptive_substitutions": [0.0, 0.0, 0.0, 0.0, 0.0, 0.0, 0.40217391304347827, 0.0, 0.0, 0.0, 0.0, 0.0, 0.0, 0.139386189258312, 1.229539641943734, 0.3772378516624041, 0.4757033248081841, 21.946930946291562, 31.994884910485933, 33.24867204406846, 32.44937565819166, 32.369565217391305, 31.923227986846918, 31.072159298502008, 32.059594553934105, 32.167375278811626, 32.269786410451374, 32.12, 31.88728534892218], "adaptive_substitutions_per_codon": [0.0, 0.0, 0.0, 0.0, 0.0, 0.0, 0.00017803183401659064, 0.0, 0.0, 0.0, 0.0, 0.0, 0.0, 6.170260702005843e-05, 0.0005442849233925339, 0.00016699329422859854, 0.00021058137441708018, 0.009715330210841772, 0.014163295666439103, 0.01471831431787006, 0.014364486789814813, 0.014329156802740727, 0.014131575027378006, 0.013754829260071717, 0.014191940926929662, 0.014239652624529272, 0.014284987344157314, 0.014218680832226648, 0.01411566416508286], "rate_of_adaptation": 0.0006701108221402534}