{"virus": "yam", "subtype": null, "gene": "pb1", "window": 3, "min_seqs": 2, "midfreq_high": 0.75, "midfreq_low": 0.15, "window_midpoint": [2000.5, 2001.5, 2002.5, 2003.5, 2004.5, 2005.5, 2006.5, 2007.5, 2008.5, 2009.5, 2010.5, 2011.5, 2012.5, 2013.5, 2014.5, 2015.5, 2016.5, 2017.5, 2018.5], "adaptive_substitutions": [0.0, 0.0, 0.0, 0.0, 1.5370790600935875, 1.7149061818788818, 1.8406056878396875, 1.5119838804427954, 1.4360563787737566, 0.0, 1.9319404498640473, 0.0, 0.0, 0, 1.5265449574013568, 1.8767164704900423, 1.975217424319192, 1.9577641132708563, 2.658560133007212], "adaptive_substitutions_per_codon": [0.0, 0.0, 0.0, 0.0, 0.000680424550727573, 0.0007591439494815767, 0.000814787821088839, 0.0006693155734585195, 0.0006357044616085686, 0.0, 0.0008552193226489807, 0.0, 0.0, 0.0, 0.0006757613799917471, 0.000830773116640125, 0.0008743769031957468, 0.0008666507805537212, 0.0011768747822077077], "rate_of_adaptation": 3.8608745448704453e-05}